script_id,beat_no,start_s,end_s,voiceover,visual,caption_pause,tone
"S01",1,0,3,"Am I wrong for charging my best friend rent?","Couch with a pillow and a blanket","Big caption, 2 words per card","Flat, deadpan"
"S01",2,3,9,"She asked to crash on my couch for one week. That was five months ago.","Calendar pages flipping fast","Pause after “five months ago.”","Dry"
"S01",3,9,16,"She eats my groceries, uses my laptop, and invites her boyfriend over every weekend.","Fridge door opens on empty shelves","Highlight “every weekend”","Building annoyance"
"S01",4,16,23,"So I printed a simple lease. Two hundred a month, utilities included. She called it betrayal.","Printer slides out one page","Pause after “betrayal.”","Calm, firm"
"S01",5,23,30,"Now our whole friend group is split. Was I wrong? Tell me below.","Group chat splitting into two","Hold final caption 1.5 s","Direct question"
"S02",1,0,3,"Someone at work kept stealing my lunch.","Office fridge door, slow push in","Big caption, one line","Annoyed"
"S02",2,3,9,"Every day, same fridge, same shelf, my labeled container was empty by noon.","Empty container on a desk","Highlight “empty by noon”","Matter-of-fact"
"S02",3,9,16,"So I started packing decoys. Plain rice. Then plain rice with a note: “Enjoying it?”","Rice in a box, sticky note on the lid","Pause before “Enjoying it?”","Sly"
"S02",4,16,23,"Day three, my manager came to the meeting holding my container. And my note.","Meeting room, a hand sets down a box","Pause after “And my note.”","Slow reveal"
"S02",5,23,30,"He never said a word. Neither did I. Should I have reported him? Comment below.","Two people avoiding eye contact","Hold the question on screen","Smug, then direct"
"S03",1,0,3,"A stranger demanded my window seat for the view.","Airplane window, clouds outside","Two words per card","Disbelief"
"S03",2,3,9,"I'd paid extra for it. She told me I could “see clouds anytime.”","Hand holding a boarding pass","Quote in a different colour","Dry"
"S03",3,9,16,"When I said no, she called the flight attendant and said I was being rude to her.","Call button lights up","Pause after “rude to her.”","Rising"
"S03",4,16,23,"The attendant checked both boarding passes, smiled, and moved her to the last row. Middle seat.","Aisle view toward the back row","Pause before “Middle seat.”","Satisfied"
"S03",5,23,30,"The view was great, by the way. Would you have switched? Tell me below.","Sunset clouds through the window","Hold final caption 1.5 s","Light, then direct"
"S04",1,0,3,"My mom gave my wedding fund to my brother.","Piggy bank on a shelf","Big caption, one line","Hurt, flat"
"S04",2,3,9,"She'd been saving it since I was ten. He needed a new car, apparently.","Old savings jar with a child's label","Highlight “apparently”","Sarcastic"
"S04",3,9,16,"I found out when he pulled into my engagement party in it. Shiny, red, with a bow.","Red car with a bow in a driveway","Pause after “in it.”","Disbelief"
"S04",4,16,23,"Mom said, “You're good with money. You'll figure it out.” So I did.","Coffee cup, a hand gesturing","Quote in a different colour","Imitating, then calm"
"S04",5,23,30,"We eloped. I mailed her a photo. Was that too far? Comment below.","Courthouse steps, photo envelope","Hold final question","Bittersweet, direct"
"S05",1,0,3,"My boss scheduled a meeting about having fewer meetings.","Calendar invite pops up","One line, bold","Tired"
"S05",2,3,9,"It was ninety minutes long. There was a slideshow. There were breakout groups.","Projector screen, slide counter","Pause after each sentence","Deadpan list"
"S05",3,9,16,"So I brought a kitchen timer and set it on the table. Ten minutes per topic.","Kitchen timer placed on a table","Highlight “Ten minutes”","Mischievous"
"S05",4,16,23,"Everyone laughed. Then my boss asked to borrow it for every meeting after that.","Conference table, people laughing","Pause after “Everyone laughed.”","Surprised"
"S05",5,23,30,"We now finish early. Would you have tried that at your job? Comment below.","Office clock, people leaving early","Hold final question","Proud, direct"
"S06",1,0,3,"My new roommate labeled half the fridge “mine.”","Fridge shelves with tape labels","Highlight “mine”","Baffled"
"S06",2,3,9,"Not her food. The shelves. Including the one with my groceries already on it.","Close-up of a label over groceries","Pause after “The shelves.”","Dry"
"S06",3,9,16,"So I labeled things too. The oven, the microwave, the only kettle, and the Wi-Fi router.","Labels on kitchen appliances","New caption per item","Playful"
"S06",4,16,23,"She lasted one evening without tea. Then she knocked and asked if we could talk.","Empty mug beside a kettle","Pause before the knock","Satisfied"
"S06",5,23,30,"We made a shared shelf. Who was right here? Tell me in the comments.","One shelf labeled “shared”","Hold final question","Warm, direct"
"S07",1,0,3,"My grumpy neighbor left a box on my porch.","Cardboard box on a doorstep","Big caption, one line","Curious"
"S07",2,3,9,"For two years he'd complained about my music, my dog and my parking.","Fence between two yards","New caption per complaint","Wry"
"S07",3,9,16,"Inside the box was a dog bed he'd built by hand. Cedar, with my dog's name carved in.","Wooden dog bed, carved name","Highlight “by hand”","Softening"
"S07",4,16,23,"A note said, “He waits by the fence for me every morning. Figured he'd earned it.”","Handwritten note on lined paper","Quote in a different colour","Gentle, moved"
"S07",5,23,30,"Turns out he wasn't grumpy. Just shy. Part 2 on what I made him?","Dog wagging at the fence","Hold “Part 2?” on screen","Warm, inviting"
"S08",1,0,3,"I keep getting texts from my own number.","Phone screen, message from yourself","Big caption, one line","Quiet, uneasy"
"S08",2,3,9,"The first one said, “Don't take the stairs today.” I laughed and took them anyway.","Stairwell door, dim light","Quote in a different colour","Light, dismissive"
"S08",3,9,16,"Third floor, the light was out. I missed the step and caught the railing just in time.","Dark landing, hand on a railing","Pause after “just in time.”","Tense"
"S08",4,16,23,"That night, another text from my number: “Told you.” I checked my sent folder. Empty.","Sent folder, empty list","Pause before “Empty.”","Whisper-like"
"S08",5,23,30,"Today it said one word: “Tuesday.” Should I post Part 2?","Calendar with Tuesday circled","Hold “Tuesday” 1.5 s","Low, slow"
"S09",1,0,3,"Was I wrong to leave my own birthday dinner?","Restaurant sign at night","Two words per card","Unsure"
"S09",2,3,9,"My friends picked the restaurant. The most expensive one in town. I didn't choose it.","Long table, candles, menus","Highlight “most expensive”","Flat"
"S09",3,9,16,"When the bill came, they split it evenly. Including their drinks, desserts, and my cake.","Bill folder slides across the table","New caption per item","Building"
"S09",4,16,23,"I'd ordered a side salad. I paid for my salad, said thank you, and walked out.","Small salad, coat being picked up","Pause after “side salad.”","Calm, firm"
"S09",5,23,30,"Half the table hasn't texted me since. Was I wrong? Comment below.","Phone with no new messages","Hold final question","Direct"
"S10",1,0,3,"My neighbor kept parking in my spot.","Parking lot at night","Big caption, one line","Annoyed"
"S10",2,3,9,"Every single night. I left notes. He left them under my wiper, folded into tiny squares.","Folded note under a wiper","Pause after “Every single night.”","Dry"
"S10",3,9,16,"So I read the building rules. Twelve pages. Page nine said unassigned cars get relocated, at the owner's expense.","Thick rulebook, page turning","Highlight “page nine”","Sly"
"S10",4,16,23,"I called the number on page nine. His car was gone by midnight.","Tow truck lights in the distance","Pause after “midnight.”","Calm"
"S10",5,23,30,"He parks three blocks away now. Too petty? Tell me below.","Empty spot, then your car","Hold final question","Smug, direct"
"S11",1,0,3,"She wanted my handmade cake for free.","Three-tier cake on a stand","Two words per card","Disbelief"
"S11",2,3,9,"Three tiers, two days of work. She said it's “just a hobby,” so it shouldn't cost anything.","Hands piping frosting","Quote in a different colour","Dry"
"S11",3,9,16,"I said no. So she ordered one from the fanciest bakery in town instead.","Bakery shop window at night","Pause after “I said no.”","Calm, firm"
"S11",4,16,23,"Her caption: “Real bakers don't call it a hobby.” She had no idea who decorated it.","Social post with a cake photo","Quote in a different colour","Building, amused"
"S11",5,23,30,"Me. I'm their weekend decorator. She paid full price for my cake. Should I tell her? Comment below.","Hands decorating a cake in a bakery kitchen","Pause after “Me.” Hold final question","Smug, direct"
"S12",1,0,3,"I got left out of the family photo.","Porch with a family lined up","Big caption, one line","Hurt"
"S12",2,3,9,"Grandpa's ninetieth. Everyone lined up on the porch while I was parking the car.","Car pulling into a driveway","Highlight “ninetieth”","Matter-of-fact"
"S12",3,9,16,"When I walked up, my aunt said, “We're done, sweetie.” They'd already printed copies.","Printed photos in a stack","Quote in a different colour","Stung"
"S12",4,16,23,"Grandpa looked at the photo, then at me, and asked the photographer to stay.","Old hands holding a photo","Pause after “to stay.”","Softening"
"S12",5,23,30,"The second photo is just him and me. It's on his wall now. Ever happen to you? Comment below.","Framed photo on a wall","Hold final question","Warm, direct"
"S13",1,0,3,"I found my exact job posted online.","Job listing on a laptop screen","Big caption, one line","Shocked"
"S13",2,3,9,"Same title, same team, same desk in the photo. The salary was much higher than mine.","Office photo with a familiar desk","Highlight “much higher”","Building"
"S13",3,9,16,"I printed it and brought it to my review. My manager read it twice.","Printed page on a desk","Pause after “twice.”","Calm"
"S13",4,16,23,"She said the posting was for my replacement. I asked, “Then why not pay me that?”","Manager reading, eyebrows up","Quote in a different colour","Bold"
"S13",5,23,30,"I got the raise that week. Would you have asked? Tell me below.","Handshake across a desk","Hold final question","Relieved, direct"
"S14",1,0,3,"My upstairs neighbor tap dances at 2 a.m.","Ceiling light shaking slightly","Big caption, one line","Exhausted"
"S14",2,3,9,"Every night for three weeks. I knocked on the ceiling with a broom. Nothing.","Broom handle tapping a ceiling","Pause after “Nothing.”","Frustrated"
"S14",3,9,16,"So I went upstairs to complain. A tiny old lady opened the door in tap shoes.","Door opens, tap shoes visible","Pause before “tap shoes.”","Surprised"
"S14",4,16,23,"She had a recital in a month. Her first one, at seventy-eight.","Recital flyer on a fridge","Highlight “seventy-eight”","Charmed"
"S14",5,23,30,"So now I'm her practice audience on Sundays. Should I tell you how the recital went?","Two chairs, one small stage light","Hold final question","Warm"
"S15",1,0,3,"My dad learned sign language in secret.","Hands in soft focus","Big caption, one line","Quiet"
"S15",2,3,9,"My girlfriend is Deaf. Dad always nodded at her and smiled, but never said much.","Dinner table, two people smiling","Highlight “never said much”","Gentle"
"S15",3,9,16,"At our engagement dinner, he stood up, put down his glass, and started signing.","Man standing, glass set down","Pause before “started signing.”","Building"
"S15",4,16,23,"It was slow and clumsy. He'd practiced for eight months. She cried before he finished.","Hands signing, slow motion","Pause after “eight months.”","Emotional"
"S15",5,23,30,"He signed one sentence: “Welcome to the family.” Want Part 2 from her side?","Couple hugging, blurred lights","Hold the quote 2 s","Soft, inviting"
"S16",1,0,3,"There's a chair in my attic. Not mine.","Attic ladder folding down","Big caption, one line","Uneasy"
"S16",2,3,9,"Old, wooden, facing the small round window. I've lived here alone for six years.","Wooden chair facing a round window","Highlight “alone”","Quiet"
"S16",3,9,16,"I carried it to the curb on trash day. The truck took it. I watched.","Trash truck pulling away","Pause after “I watched.”","Relieved"
"S16",4,16,23,"That night I heard something drag across the attic floor. Slowly. Toward the window.","Dark ceiling, flashlight beam","Pause after “Slowly.”","Whisper-like"
"S16",5,23,30,"I haven't gone up yet. Should I check? Tell me in the comments.","Closed attic hatch","Hold final question","Low, direct"
"S17",1,0,3,"Am I wrong for not lending my car again?","Car keys on a hook","Two words per card","Unsure"
"S17",2,3,9,"My sister borrowed it three times this year. Each time it came back with less gas.","Fuel gauge near empty","Highlight “less gas”","Dry"
"S17",3,9,16,"Last time, it came back with a dent and a parking ticket in the glovebox.","Dent on a door, ticket in a glovebox","Pause after “dent”","Frustrated"
"S17",4,16,23,"This time I said no. She called our mom, who called me selfish.","Phone ringing, “Mom” on screen","New caption per call","Tired"
"S17",5,23,30,"I paid for that dent myself. So, am I wrong? Comment below.","Keys dropped into a drawer","Hold final question","Firm, direct"
"S18",1,0,3,"My roommate never did his dishes.","Sink full of dishes","Big caption, one line","Annoyed"
"S18",2,3,9,"Six weeks of a full sink. Every chart, chat and sticky note got ignored.","Sticky notes on a cabinet","New caption per item","Fed up"
"S18",3,9,16,"So I hid every plate, bowl and cup except one set each. Labeled with our names.","Empty cabinet, two labeled plates","Highlight “one set each”","Sly"
"S18",4,16,23,"He used his set once, left it dirty, and ate cereal from a measuring cup.","Cereal in a measuring cup","Pause after “measuring cup.”","Amused"
"S18",5,23,30,"On day four he washed it. Was that too petty? Tell me below.","One clean plate on a rack","Hold final question","Smug, direct"
"S19",1,0,3,"A parent demanded the swing I was fixing.","Playground swing, one chain loose","Big caption, one line","Disbelief"
"S19",2,3,9,"I volunteer at the neighborhood park. One swing had a cracked chain, so I took it down.","Close-up of a cracked chain link","Highlight “cracked chain”","Matter-of-fact"
"S19",3,9,16,"A man walked up and said his son had waited long enough. Put it back.","Shadow of a man over a toolbox","Quote in a different colour","Tense"
"S19",4,16,23,"I showed him the chain. He said, “Then fix it faster.” His son was already on the slide.","Kid sliding down, laughing","Pause after “fix it faster.”","Dry"
"S19",5,23,30,"I finished it the next morning. What would you have said? Comment below.","New chain, swing moving gently","Hold final question","Calm, direct"
"S20",1,0,3,"My twin wanted to share my wedding date.","Two matching invitations","Big caption, one line","Stunned"
"S20",2,3,9,"Same venue, same day, one big double ceremony. She'd already told our parents it was settled.","Venue doors, two bouquets","Highlight “already told”","Building"
"S20",3,9,16,"I'd booked that date eighteen months ago. She got engaged three weeks ago.","Calendar, two dates circled","Pause after “eighteen months ago.”","Flat"
"S20",4,16,23,"I said no. Mom said twins should share everything. I said, “Then she can share the bill.”","Coffee table, folded receipt","Quote in a different colour","Dry, firm"
"S20",5,23,30,"She picked a different date. Was I wrong? Tell me below.","Second invitation, new date","Hold final question","Direct"
"S21",1,0,3,"My manager read my resignation letter out loud.","Paper letter in a hand, slow zoom","Big caption, one line","Stunned"
"S21",2,3,10,"To the whole team. In the Monday meeting. He said he wanted everyone to “learn from it.”","Conference room, people seated","Quote in a different colour","Disbelief"
"S21",3,10,18,"I'd written it politely. Two lines. Thank you for the opportunity, my last day is the fifteenth.","Short typed letter on screen","Highlight “Two lines.”","Calm"
"S21",4,18,27,"He read it in a funny voice. A few people laughed. Most stared at the table.","Coffee cups, people looking down","Pause after “laughed.”","Embarrassed"
"S21",5,27,36,"Then Dana from accounting stood up and said, “Can you read mine next?” and handed him an envelope.","Envelope slid across a table","Pause before “Can you read mine next?”","Building"
"S21",6,36,45,"Three more people quit that week. He doesn't read letters out loud anymore. Part 2?","Empty desks, boxes packed","Hold “Part 2?” on screen","Satisfied"
"S22",1,0,3,"My neighbor built a fence on my lawn.","New fence posts in grass","Big caption, one line","Shocked"
"S22",2,3,10,"Not near it. On it. Two feet past the line, right through my vegetable garden.","Fence crossing a garden bed","Pause after “On it.”","Dry"
"S22",3,10,18,"When I asked about it, he smiled and said, “You'll love it. Now, can you paint your side?”","Paint can on a porch step","Quote in a different colour","Disbelief"
"S22",4,18,27,"So I pulled out the property map from my closing papers and walked it with a tape measure, out loud.","Tape measure stretched on grass","Highlight “out loud”","Sly, deliberate"
"S22",5,27,36,"He followed me the whole time, getting quieter. At the end he just said, “I'll call the fence guy.”","Two shadows walking a fence line","Pause before the quote","Satisfied"
"S22",6,36,45,"It moved back that weekend. I painted my side green. Was I too calm? Tell me below.","Green-painted fence boards","Hold final question","Light, direct"
"S23",1,0,3,"A stranger paid for my groceries ten years ago.","Grocery belt, a few items","Big caption, one line","Nostalgic"
"S23",2,3,10,"I was a broke student counting coins at the register. She tapped her card and left.","Coins counted on a counter","Pause after “and left.”","Soft"
"S23",3,10,18,"She didn't give her name. Just said, “Do the same one day.” I wrote that on my fridge.","Note on a fridge door","Quote in a different colour","Warm"
"S23",4,18,27,"Last month, a man in front of me came up short at the same store. I paid.","Card tapped on a reader","Pause before “I paid.”","Quiet"
"S23",5,27,36,"The cashier froze. She'd worked there ten years. She handed me an old envelope: “For the coin kid, once he pays it forward.”","Old envelope with handwriting","Quote in a different colour","Stunned, soft"
"S23",6,36,45,"Inside: my old receipt and her number. I called. We get coffee every Thursday now. Has a stranger ever helped you? Tell me below.","Two coffee cups on a café table","Pause after “I called.” Hold final question","Warm, inviting"
"S24",1,0,3,"My new apartment came with an extra key.","Brass key on a kitchen counter","Big caption, one line","Curious"
"S24",2,3,10,"The landlord said it wasn't his. It doesn't fit my door, the mailbox or the storage unit.","Key failing in a lock","New caption per lock","Puzzled"
"S24",3,10,18,"I tried every lock in the building. The laundry room, the roof, the basement. Nothing.","Dim basement corridor","Pause after “Nothing.”","Uneasy"
"S24",4,18,27,"Last night I heard a click in my hallway. The closet I never use was open, just a crack.","Closet door open a crack","Pause before “just a crack.”","Whisper-like"
"S24",5,27,36,"Behind the coats, there's a small door I'd never noticed. It has a keyhole. Old, brass, same color as the key.","Small door behind hanging coats","Highlight “same color”","Tense"
"S24",6,36,45,"I haven't tried it yet. Should I? Tell me in the comments, and I'll post Part 2.","Key held up to a keyhole","Hold final question","Low, direct"
"S25",1,0,3,"Am I the jerk for not switching seats?","Airplane aisle seat, seatbelt on","Two words per card","Unsure"
"S25",2,3,10,"I booked an aisle seat on a long flight months ago, because I have bad knees.","Booking screen, seat map","Highlight “bad knees”","Matter-of-fact"
"S25",3,10,18,"A family asked me to swap for a middle seat at the back so they could sit together.","Rows of seats toward the back","Pause after “at the back”","Even"
"S25",4,18,27,"I said I was sorry, but I needed the aisle. The dad sighed loudly the entire flight.","Window view, long flight map","Pause after “sighed loudly”","Awkward"
"S25",5,27,36,"The woman next to me offered her window seat to the family instead. They took it and thanked her, not me.","Hands passing a bag over a seat","Highlight “not me”","Mixed feelings"
"S25",6,36,45,"I still feel weird about it. Was I wrong? Tell me in the comments.","Plane landing, seatbelt sign off","Hold final question","Direct"
"S26",1,0,3,"The HOA fined me for my mailbox color.","Light blue mailbox, street view","Big caption, one line","Annoyed"
"S26",2,3,10,"Light blue. They said only “approved neutral shades” were allowed. They mailed the fine to that mailbox.","Envelope in a blue mailbox","Quote in a different colour","Dry"
"S26",3,10,18,"So I read all forty pages of the rules. Mailbox colors weren't in there. Not once.","Rulebook pages flipping","Pause after “Not once.”","Sly"
"S26",4,18,27,"But page thirty said board members must approve every fine in writing, with signatures. Mine had none.","Fine notice, empty signature line","Highlight “Mine had none.”","Building"
"S26",5,27,36,"I brought both documents to the next meeting and read page thirty out loud, slowly.","Folding chairs, a meeting room","Pause after “slowly.”","Deliberate"
"S26",6,36,45,"The fine was cancelled that night. Three neighbors painted their mailboxes the next week. Too petty? Comment below.","Row of colorful mailboxes","Hold final question","Smug, direct"
"S27",1,0,3,"She reclined fully, then handed me her drink.","Bus seat reclined, knees squeezed","Big caption, one line","Disbelief"
"S27",2,3,10,"Long bus ride, overnight. Her seat was basically resting on my knees.","Dark bus window, passing lights","Highlight “on my knees”","Tired"
"S27",3,10,18,"Then she reached back, without looking, and held out a coffee. She said, “Hold this, I'm sleeping.”","A hand holding out a paper cup","Quote in a different colour","Flat"
"S27",4,18,27,"I held it for four seconds. Then I tapped her shoulder and asked if she wanted me to wake her for it.","Finger tapping a shoulder","Pause after “four seconds.”","Dry"
"S27",5,27,36,"She sat up, embarrassed, and took the coffee back. The man across the aisle started slowly clapping.","Hands clapping in dim light","Pause before the clapping","Amused"
"S27",6,36,45,"She didn't recline again for the whole trip. What would you have done? Comment below.","Seat upright, sunrise outside","Hold final question","Light, direct"
"S28",1,0,3,"My mother-in-law returned our wedding gift. At dinner.","Framed photo on a dinner table","Big caption, one line","Stunned"
"S28",2,3,10,"We'd given her a framed photo from the wedding. Her son and me, laughing, in the rain.","Blurred wedding photo in rain","Highlight “in the rain”","Warm, then flat"
"S28",3,10,18,"She slid it across the table and said, “I'd prefer one without you in it.”","Frame sliding across a tablecloth","Quote in a different colour","Hurt"
"S28",4,18,27,"My husband didn't say a word. He just picked it up, stood, and put his coat on.","Coat taken from a chair","Pause after “didn't say a word.”","Quiet"
"S28",5,27,36,"On the way out, he hung it in her hallway, on the nail where his graduation photo used to be.","Frame hung on a hallway nail","Pause before “used to be.”","Building"
"S28",6,36,45,"She called the next morning to apologize. To me. Should we forgive her? Tell me below.","Phone ringing on a nightstand","Hold final question","Direct"
"S29",1,0,3,"I trained my replacement without knowing it.","Two chairs at one desk","Big caption, one line","Flat"
"S29",2,3,10,"My manager said the new hire would be “helping” with my projects. I gave her everything.","Folders handed across a desk","Quote in a different colour","Trusting"
"S29",3,10,18,"Files, passwords, client notes, my shortcuts. She was smart and kind, and I liked her.","Notebook filled with shortcuts","New caption per item","Warm"
"S29",4,18,27,"On Friday, I got a meeting invite called “Transition.” My manager said my role was being restructured.","Calendar invite on a screen","Highlight “Transition.”","Stung"
"S29",5,27,36,"On Monday, the new hire quit. Her email said she wouldn't take a job from someone who trained her that well.","Email on screen, cursor blinking","Pause before her reason","Surprised"
"S29",6,36,45,"They offered me my job back with a raise. Should I take it? Tell me below.","Envelope with a new contract","Hold final question","Direct"
"S30",1,0,3,"My roommate was renting out my room. Daily.","Made bed, morning light","Big caption, one line","Shocked"
"S30",2,3,10,"I work nights. I kept finding my pillows flipped and my plant moved to the windowsill.","Plant on a windowsill","Highlight “plant moved”","Puzzled"
"S30",3,10,18,"Then I found a long hair on my pillow. Blonde. Neither of us is blonde.","Pillow close-up, single hair","Pause after “Blonde.”","Suspicious"
"S30",4,18,27,"So I came home at noon one day, unannounced. A stranger was napping in my bed with a sleep mask on.","Door opening, sleep mask on a pillow","Pause before “a stranger”","Building"
"S30",5,27,36,"She was very polite. She showed me the listing on her phone. Daytime rest room, quiet, nice plant.","Phone showing a room listing","Highlight “nice plant.”","Deadpan"
"S30",6,36,45,"I moved out that month and kept the plant. Should I have reported him? Comment below.","Moving box with a plant on top","Hold final question","Dry, direct"
"S31",1,0,3,"A kid I tutored for free just wrote me.","Envelope in a mailbox","Big caption, one line","Curious"
"S31",2,3,10,"Eight years ago, I helped a neighbor's son with math every Tuesday at my kitchen table.","Kitchen table, worksheets","Highlight “every Tuesday”","Nostalgic"
"S31",3,10,18,"He hated fractions. He'd cry, then laugh, then cry again. His mom paid me in homemade soup.","Soup pot on a stove","Pause after “cry again.”","Fond"
"S31",4,18,27,"Yesterday a letter came. He's finishing an engineering degree, and he's tutoring kids on Tuesdays now.","Handwritten letter unfolding","Highlight “on Tuesdays now”","Proud"
"S31",5,27,36,"Inside was a photo of his students at a kitchen table. And a recipe card for the soup.","Photo and recipe card on a table","Pause before “recipe card”","Moved"
"S31",6,36,45,"I'm making it tonight. Who helped you when nobody had to? Tell me below.","Soup steaming in a bowl","Hold final question","Warm, inviting"
"S32",1,0,3,"Every photo from my trip has the same stranger.","Photo grid on a laptop","Big caption, one line","Uneasy"
"S32",2,3,10,"I didn't notice until I got home and scrolled through all two hundred of them on my laptop.","Scrolling through vacation photos","Pause after “two hundred”","Quiet"
"S32",3,10,18,"A man in a grey coat. In the background at the beach, the market, the train station.","Zoomed photo, blurred figure","New caption per place","Tense"
"S32",4,18,27,"He's never looking at the camera. He's always looking at me. Different cities. Same coat.","Grey coat circled in red","Pause after “at me.”","Whisper-like"
"S32",5,27,36,"I zoomed in on the last photo, from my front door when I got home. He's across the street.","Front door photo, slow zoom","Pause before “across the street.”","Low"
"S32",6,36,45,"I took that photo this morning. Should I go outside? Comment below.","Curtain moving at a window","Hold final question","Low, direct"
"S33",1,0,3,"Am I wrong for refusing my in-laws a key?","Single key on a ring","Two words per card","Unsure"
"S33",2,3,10,"We just bought our first home. My mother-in-law asked for a key on the very first day.","Moving boxes, new front door","Highlight “very first day”","Matter-of-fact"
"S33",3,10,18,"I said we'd rather they call first. She said family doesn't need permission to visit.","Phone call, raised eyebrows","Quote in a different colour","Calm"
"S33",4,18,27,"My husband agreed with me at home. At her house, he said it was “my rule,” not his.","Two coffee mugs, one turned away","Pause after “not his.”","Stung"
"S33",5,27,36,"Now she tells everyone I'm locking her out of her son's life. Over one key.","Group chat bubbles stacking","Pause before “Over one key.”","Tired"
"S33",6,36,45,"We still invite them every Sunday. So, am I wrong? Tell me in the comments.","Sunday table set for four","Hold final question","Direct"
"S34",1,0,3,"My sister copied every outfit I wore.","Two matching dresses on hangers","Big caption, one line","Annoyed"
"S34",2,3,10,"Every family event for two years. I'd post a photo, and she'd show up wearing the same thing.","Phone posting a mirror photo","Highlight “the same thing”","Dry"
"S34",3,10,18,"So before Grandma's anniversary party, I posted a photo in a bright yellow dress with giant sunflowers.","Yellow sunflower dress on a bed","Pause after “sunflowers.”","Sly"
"S34",4,18,27,"She arrived in the exact dress. Same sunflowers. I arrived in a plain black dress.","Party door opening, two outfits","Pause before “plain black dress.”","Building"
"S34",5,27,36,"Grandma looked at her, then at me, and said, “Oh good, someone dressed like the cake.”","Grandma laughing at a table","Quote in a different colour","Delighted"
"S34",6,36,45,"The cake was yellow with sunflowers. She hasn't copied me since. Too petty? Comment below.","Yellow cake with sunflowers","Hold final question","Smug, direct"
"S35",1,0,3,"My neighbor asked me to move my fence.","Brown wooden fence, sunny garden","Big caption, one line","Puzzled"
"S35",2,3,10,"Not because of the property line. Because it was “ruining the background” of her photos.","Phone on a tripod in a garden","Quote in a different colour","Disbelief"
"S35",3,10,18,"She posts every morning from her garden. My fence is brown, and her theme is “white and gold.”","White chairs, gold string lights","Highlight “white and gold”","Dry"
"S35",4,18,27,"She offered to pay for half if I took it down completely. My dog lives behind that fence.","Dog nose poking through a fence gap","Pause after “completely.”","Firm"
"S35",5,27,36,"I said no. The next morning there was a gold ribbon tied to my fence, with a note: “Compromise?”","Gold ribbon on a fence post","Pause before “Compromise?”","Amused"
"S35",6,36,45,"I kept the ribbon. My dog wears it on walks now. What would you do? Comment below.","Dog walking with a gold ribbon","Hold final question","Light, direct"
"S36",1,0,3,"My aunt seated me at the kids' table.","Tiny chairs, crayons on a table","Big caption, one line","Deadpan"
"S36",2,3,10,"I was thirty-one. At my cousin's wedding. My name card had a dinosaur sticker on it.","Name card with a dinosaur sticker","Highlight “thirty-one”","Dry"
"S36",3,10,18,"She said it was because I was “the only single one left” and wouldn't mind.","Aunt's hand patting a shoulder","Quote in a different colour","Stung"
"S36",4,18,27,"So I sat down. The kids were great. We built a napkin tower and judged every speech.","Napkin tower, score cards","New caption per activity","Playful"
"S36",5,27,36,"By dessert, half the adults wanted to switch tables. The bride came over and asked to join us.","Bride in a tiny chair, laughing","Pause before “asked to join us.”","Delighted"
"S36",6,36,45,"The photo of her in the kids' chair is on her fridge now. Have you been seated like this? Comment below.","Photo on a fridge door","Hold final question","Warm, direct"
"S37",1,0,3,"My boss's voice note wasn't meant for us.","Voice note bubble in a chat","Big caption, one line","Intrigued"
"S37",2,3,10,"It landed in the team chat at nine at night. Forty-two seconds long. Nobody played it at first.","Phone glowing on a nightstand","Highlight “Forty-two seconds”","Quiet"
"S37",3,10,18,"Then someone did. It was him, very softly, practicing how to ask for a promotion.","Play button pressed","Pause after “Then someone did.”","Soft"
"S37",4,18,27,"He'd been rehearsing for his wife. He kept saying, “I'm worth it,” and then, “No, that sounds arrogant.”","Waveform on a phone screen","Quote in a different colour","Gentle"
"S37",5,27,36,"The next morning, nobody joked. Instead, we each sent him one thing he'd done for us that year.","Chat filling with messages","New caption per message","Warm"
"S37",6,36,45,"He printed all twelve messages for his meeting. He got the promotion. Would your team do that? Comment below.","Printed pages in a folder","Hold final question","Proud, direct"
"S38",1,0,3,"My neighbor keeps leaving notes on my car.","Note under a windshield wiper","Big caption, one line","Curious"
"S38",2,3,10,"The first one said, “Nice parking.” I was parked perfectly, between the lines.","Car parked neatly between lines","Quote in a different colour","Dry"
"S38",3,10,18,"The second said, “Still nice.” The third was a full page about the history of our street.","Stack of notes on a car seat","Pause after “Still nice.”","Amused"
"S38",4,18,27,"By week three, the notes were essays. Old photos of the neighborhood. Stories about the bakery that closed.","Old street photo, faded colors","New caption per item","Intrigued"
"S38",5,27,36,"So I left a note back: “Who are you?” The next morning, an old man was waiting by my car with coffee.","Old man by a car, two cups","Pause before “an old man”","Warm"
"S38",6,36,45,"His wife used to park in my spot. Want Part 2 about what he told me?","Empty parking spot at sunrise","Hold “Part 2?” on screen","Soft, inviting"
"S39",1,0,3,"My sister ruined my birthday plans on purpose.","Birthday candle being blown out","Big caption, one line","Annoyed"
"S39",2,3,10,"She cancelled my dinner reservation, told my friends I was sick, and hid my car keys.","Phone showing a cancelled booking","New caption per item","Building"
"S39",3,10,18,"I spent the evening furious, alone, eating cereal and planning exactly what I'd say to her.","Bowl of cereal on a couch","Highlight “furious”","Sulky"
"S39",4,18,27,"At nine, she knocked and said, “Get in the car.” She'd found my keys in her own pocket, somehow.","Keys dangling from a finger","Quote in a different colour","Suspicious"
"S39",5,27,36,"She drove me to our old school gym. Every friend I'd ever had, from first grade on, was inside.","Gym doors opening, lights on","Pause before “was inside.”","Stunned"
"S39",6,36,45,"She'd been planning it for a year. Would you forgive her for the cereal? Comment below.","Balloons and a handmade banner","Hold final question","Warm, direct"
"S40",1,0,3,"My elevator stops at a floor that doesn't exist.","Elevator buttons, one blank space","Big caption, one line","Uneasy"
"S40",2,3,10,"The building has six floors. The buttons go to six. Sometimes, between four and five, it stops.","Floor numbers lighting up","Pause after “it stops.”","Quiet"
"S40",3,10,18,"The doors open to a hallway with green carpet. Our building has grey carpet on every floor.","Doors opening on a green hallway","Highlight “green carpet”","Tense"
"S40",4,18,27,"I asked the building manager. He went pale and said the last renovation removed a floor in the eighties.","Old building blueprint","Pause after “went pale”","Whisper-like"
"S40",5,27,36,"Last night it stopped there again. A door at the end of the hallway was open. The light inside was on.","Distant open door, warm light","Pause before “The light inside”","Low"
"S40",6,36,45,"I've started taking the stairs. Should I ride it one more time? Tell me below.","Stairwell, footsteps going up","Hold final question","Low, direct"
"S41",1,0,3,"Was I wrong to be honest in my toast?","Champagne glass raised, blurred","Two words per card","Unsure"
"S41",2,3,10,"My best friend Jules got married last month. I was the maid of honor.","Bouquet on a table","Highlight “maid of honor”","Matter-of-fact"
"S41",3,10,18,"Her fiancé, Marco, had cancelled on her twice before. Both times, I was the one she called.","Phone with a missed call at night","Pause after “twice before.”","Serious"
"S41",4,18,27,"So in my speech, I said, “Marco, she waited for you. Make sure she never has to wait again.”","Microphone, warm string lights","Quote in a different colour","Sincere"
"S41",5,27,36,"The room went quiet. Marco's mom stood up and walked out. Jules stared at her plate.","Empty chair at a long table","Pause after “went quiet.”","Tense"
"S41",6,36,45,"Afterwards, Marco found me by the cake. He said I was right, and thanked me for saying it.","Wedding cake, two shadows","Highlight “thanked me”","Softer"
"S41",7,45,53,"Jules hasn't spoken to me since. She says it was her day, not my moment.","Phone with unanswered messages","Pause before “not my moment.”","Sad"
"S41",8,53,60,"I meant it kindly. So, was I wrong? Tell me in the comments.","Freeze frame, comment icon","Hold final question","Direct"
"S42",1,0,3,"My coworker took credit for my idea. Again.","Whiteboard with a lightbulb sketch","Big caption, one line","Annoyed"
"S42",2,3,10,"Third time this year. I'd mention something at lunch, and he'd pitch it at the Friday meeting.","Lunch trays, then a meeting room","Highlight “Third time”","Dry"
"S42",3,10,18,"So one lunch, I “accidentally” mentioned my best idea yet. A weekly team breakfast, paid by the presenter.","Breakfast table with bagels","Quote in a different colour","Sly"
"S42",4,18,27,"I said the person who proposes it should cover the first month, to show leadership. He nodded, very slowly.","Close-up of a slow nod","Pause after “very slowly.”","Mischievous"
"S42",5,27,36,"Friday came. He stood up and pitched it word for word. Our director loved it. Everyone clapped.","Presentation slide, people clapping","New caption per sentence","Building"
"S42",6,36,45,"Then the director said, “Great, you'll cover the first month, like you said.” He looked at me.","Coworker glancing sideways","Pause before “He looked at me.”","Satisfied"
"S42",7,45,53,"I smiled and asked if he could get the good bagels, the ones with seeds. He bought them every week.","Bagel boxes stacked on a desk","Highlight “every week”","Sweet, smug"
"S42",8,53,60,"He stopped stealing my ideas after that month. Was that too petty? Comment below.","Empty bagel box, crumbs","Hold final question","Direct"
"S43",1,0,3,"A stranger said my rescue dog was his.","Dog on a leash in a park","Big caption, one line","Alarmed"
"S43",2,3,10,"We were at the park. He grabbed Biscuit's leash and said, “Thanks for finding him.”","Hand grabbing a leash","Quote in a different colour","Tense"
"S43",3,10,18,"I'd adopted Biscuit two years ago from a shelter. I have the papers, the vet records, everything.","Folder of papers, dog tag","New caption per item","Firm"
"S43",4,18,27,"He said his dog went missing last spring. Same color, same size. He wanted Biscuit back right now.","Lost-dog flyer on a pole","Highlight “right now”","Worried"
"S43",5,27,36,"I said, “Call his name, then.” He called, “Max! Max!” Biscuit sat down and looked at me.","Dog sitting, head tilted","Pause after “Max! Max!”","Calm"
"S43",6,36,45,"Then I said, “Biscuit, paw.” Biscuit lifted his paw. Then spin. Then lie down. A small crowd was watching.","Dog doing tricks, people watching","New caption per trick","Confident"
"S43",7,45,53,"The man let go and mumbled that all dogs look alike. A kid in the crowd said, “No they don't.”","Kid pointing, grinning","Quote in a different colour","Amused"
"S43",8,53,60,"Biscuit got extra treats that day. What would you have done? Comment below.","Treat jar, wagging tail","Hold final question","Warm, direct"
"S44",1,0,3,"My grandma left me one thing: a locked box.","Small tin box on a table","Big caption, one line","Quiet"
"S44",2,3,10,"My cousins got her house, her car and her jewelry. I got a small tin box with no key.","House keys, car keys, a tin box","New caption per item","Flat"
"S44",3,10,18,"They laughed at the reading. One of them said, “Guess she knew who her favorites were.”","Lawyer's office, papers on a desk","Quote in a different colour","Stung"
"S44",4,18,27,"I kept it on my desk for a year. Then one night, I found an old key taped under her recipe book.","Key taped under a book cover","Pause after “for a year.”","Building"
"S44",5,27,36,"Inside the box were thirty letters. One for every birthday of mine, each written the night before.","Stack of envelopes tied with string","Highlight “every birthday”","Moved"
"S44",6,36,45,"Each one said what she'd been proud of that year. Some were about tiny things, like how I tied my shoes.","Old handwriting, close-up","Pause after “tiny things”","Tender"
"S44",7,45,53,"The last letter said, “The house was just walls. This was always yours.”","Last envelope, unsealed","Quote in a different colour","Emotional"
"S44",8,53,60,"My cousins asked to read them. Should I let them? Tell me below.","Box closed on a desk","Hold final question","Soft, direct"
"S45",1,0,3,"Our company gave us pizza instead of raises.","Pizza boxes on an office table","Big caption, one line","Deadpan"
"S45",2,3,10,"Record year, they said. Thank you for your hard work. Here are four large pizzas for forty people.","Slide reading “Record year!”","Highlight “forty people”","Dry"
"S45",3,10,18,"I did the math on a napkin. Each of us got about half a slice of appreciation.","Napkin with handwritten math","Pause after “on a napkin.”","Wry"
"S45",4,18,27,"So I made a small chart. Our output, our hours, and the pizza, all on one page. Very polite.","Simple bar chart on paper","New caption per item","Sly"
"S45",5,27,36,"I didn't send it to anyone. I just left it in the break room, next to the empty boxes.","Chart beside empty pizza boxes","Pause before “empty boxes.”","Calm"
"S45",6,36,45,"By the afternoon, someone had added a column. By the next morning, the whole team had signed it.","Signatures filling a page","Highlight “whole team”","Building"
"S45",7,45,53,"Two weeks later, the director announced a review of all salaries. He never mentioned the chart.","Email announcement on a screen","Pause after “all salaries.”","Satisfied"
"S45",8,53,60,"We got the raises. And more pizza. Would you have left the chart? Comment below.","Fresh pizza, people cheering","Hold final question","Light, direct"
"S46",1,0,3,"My roommate started charging me to use the couch.","Couch with a price tag","Big caption, one line","Disbelief"
"S46",2,3,10,"Her couch, technically. She brought it when we moved in. I brought the TV and the rug.","Living room, couch, TV and rug","Highlight “technically”","Dry"
"S46",3,10,18,"One evening she handed me a printed price list. Hourly rates. Weekend rates. Movie nights cost extra.","Printed price list held up","New caption per rate","Baffled"
"S46",4,18,27,"I read it twice and said okay. Then I went to my room and printed my own list.","Printer warming up","Pause after “said okay.”","Sly"
"S46",5,27,36,"TV viewing, per hour. Rug walking, per crossing. Table use, per plate. I stuck it on the fridge.","Price list on a fridge door","New caption per item","Playful"
"S46",6,36,45,"She laughed at first. Then she tried to walk to the kitchen without touching the rug. She had to jump.","Feet hopping over a rug","Pause before “She had to jump.”","Amused"
"S46",7,45,53,"By the end of the week, we agreed everything in the living room was free. For both of us.","Two people on the couch, laughing","Highlight “free”","Warm"
"S46",8,53,60,"We still keep the price lists on the fridge. Who won? Tell me below.","Two lists side by side","Hold final question","Light, direct"
"S47",1,0,3,"My delivery driver kept leaving notes on my packages.","Package on a doorstep","Big caption, one line","Curious"
"S47",2,3,10,"Little drawings on the boxes. A sun. A cat. Once, a tiny dragon guarding the address label.","Doodles on cardboard","New caption per drawing","Charmed"
"S47",3,10,18,"I'd just moved to a new city and didn't know anyone. Those drawings were the best part of my week.","Empty apartment, one lamp","Pause after “didn't know anyone.”","Soft"
"S47",4,18,27,"So I left a note on my door: “Thank you for the dragon.” With a granola bar taped under it.","Note taped to a door","Quote in a different colour","Hopeful"
"S47",5,27,36,"The next box had a drawing of the dragon eating a granola bar. And a phone number.","Dragon doodle, phone number","Pause before “And a phone number.”","Delighted"
"S47",6,36,45,"Her name is Rosa. She paints murals on weekends and was looking for someone to help fill in colors.","Paint cans and brushes","Highlight “murals”","Warm"
"S47",7,45,53,"Last Saturday, we finished a wall at the children's library. There's a small dragon in the corner.","Bright mural, small dragon","Pause before “small dragon”","Proud"
"S47",8,53,60,"Want Part 2 about how we met in person? Comment below.","Mural wall, slow pan","Hold “Part 2?” on screen","Inviting"
"S48",1,0,3,"My babysitter asked about the other kid.","Phone lighting up at a dinner table","Big caption, one line","Uneasy"
"S48",2,3,10,"We have one son. He's six. The babysitter texted me during dinner: “Who's the girl upstairs?”","Text message bubble","Quote in a different colour","Alarmed"
"S48",3,10,18,"I called her right away. She said a girl in a yellow raincoat had waved from the top of the stairs.","Staircase, dim landing","Highlight “yellow raincoat”","Tense"
"S48",4,18,27,"We rushed home. Our son was asleep. The house was quiet. No girl, no raincoat, nothing on the camera.","Quiet hallway, night light","New caption per sentence","Whisper-like"
"S48",5,27,36,"The next week, I found a drawing in his backpack. Our house, and two kids in the upstairs window.","Child's drawing of a house","Pause after “two kids”","Low"
"S48",6,36,45,"One of them wore yellow. I asked who she was. He said, “She lived here first. She's nice.”","Crayon drawing, yellow figure","Quote in a different colour","Unsettled"
"S48",7,45,53,"The previous owners didn't answer my message. The house history only says it was built in 1952.","Old house record, typed page","Pause before “1952.”","Quiet"
"S48",8,53,60,"Should I keep digging, or leave it alone? Comment below.","Upstairs window from outside","Hold final question","Low, direct"
"S49",1,0,3,"Am I wrong for asking guests to pay?","Restaurant table set for twelve","Two words per card","Unsure"
"S49",2,3,10,"I turned thirty and invited twelve friends to a nice restaurant. The invite said, “Pay for yourself.”","Invitation text on a phone","Quote in a different colour","Matter-of-fact"
"S49",3,10,18,"Everyone agreed. Until the bill came. Then my friend Talia said the birthday person usually covers everything.","Bill folder on a table","Pause after “Until the bill came.”","Building"
"S49",4,18,27,"I said that's not how I planned it. She said I should have planned better, and handed me her receipt.","Receipt pushed across a table","Highlight “planned better”","Stung"
"S49",5,27,36,"Two others did the same. I paid my part and theirs, because I didn't want a scene.","Card handed to a waiter","Pause after “a scene.”","Tired"
"S49",6,36,45,"The next day I sent a polite message to the group with the exact amounts. Three people paid me back.","Group chat, payment alerts","New caption per payment","Calm"
"S49",7,45,53,"Talia left the group chat. She says I humiliated her in public by sending a message.","“Talia left the chat” notice","Pause before “by sending a message.”","Dry"
"S49",8,53,60,"Should I have just let it go? Tell me in the comments.","Birthday candle, slow zoom","Hold final question","Direct"
"S50",1,0,3,"My neighbor blew his leaves onto my lawn.","Leaves swirling across a fence","Big caption, one line","Annoyed"
"S50",2,3,10,"Every Saturday, all autumn. His lawn spotless, mine buried. He'd wave at me while he did it.","Neighbor waving, leaf blower","Highlight “wave at me”","Dry"
"S50",3,10,18,"I asked him nicely to stop. He said the wind does what it wants.","Wind through tree branches","Quote in a different colour","Flat"
"S50",4,18,27,"So I raked every leaf into bags. Forty bags by November. I stacked them in my garage and waited.","Leaf bags stacked in a garage","Pause after “and waited.”","Sly"
"S50",5,27,36,"In spring, he hired a landscaper for a big garden party. Fresh soil, new flower beds, the whole thing.","Fresh flower beds, party tables","New caption per item","Building"
"S50",6,36,45,"The night before, a strong wind came through. I opened my garage and let the wind do what it wants.","Garage door rising at night","Pause before “let the wind”","Mischievous"
"S50",7,45,53,"I'm kidding. I donated them to the community garden as compost. They grew prize tomatoes.","Community garden, red tomatoes","Highlight “I'm kidding.”","Light, playful"
"S50",8,53,60,"He asked for some tomatoes. Should I give him any? Comment below.","Basket of tomatoes on a fence","Hold final question","Direct"
"S51",1,0,3,"A customer screamed at me for closing on time.","Shop sign flipping to “Closed”","Big caption, one line","Stunned"
"S51",2,3,10,"I work at a small bookshop. We close at eight. It's on the door, the website, everywhere.","Opening hours on a glass door","Highlight “everywhere”","Matter-of-fact"
"S51",3,10,18,"At eight, I flipped the sign. A woman pushed the door open and said, “I'm not done browsing.”","Door pushed open, bell ringing","Quote in a different colour","Tense"
"S51",4,18,27,"I said she was welcome to finish while I counted the register. She browsed for forty more minutes.","Clock hands moving fast","Pause after “forty more minutes.”","Patient"
"S51",5,27,36,"Then she brought one bookmark to the counter. I'd already closed the register, so I offered it as a gift.","Single bookmark on a counter","Highlight “one bookmark”","Calm"
"S51",6,36,45,"She said that was insulting and demanded to pay. I reopened the register. It took ten minutes.","Register drawer opening","Pause after “insulting”","Dry"
"S51",7,45,53,"She left a one-star review saying we close too early. The owner printed it and framed it.","Framed printout on a wall","Pause before “and framed it.”","Amused"
"S51",8,53,60,"It hangs above the door now. Would you have stayed open? Comment below.","Frame above a shop door","Hold final question","Light, direct"
"S52",1,0,3,"My stepdad gave a speech at my wedding.","Glass tapped with a spoon","Big caption, one line","Wary"
"S52",2,3,10,"He wasn't on the schedule. He just stood up during dessert and tapped his glass.","Printed schedule, no name on it","Highlight “wasn't on the schedule”","Dry"
"S52",3,10,18,"It started sweet. Then it became a story about his fishing trips, his promotion, and his knee surgery.","Guests checking watches","New caption per topic","Deadpan"
"S52",4,18,27,"Eleven minutes in, the band leader looked at me. My new wife squeezed my hand under the table.","Hands squeezing under a table","Pause after “Eleven minutes in”","Amused"
"S52",5,27,36,"Then he said, “And when I met this kid's mom, he was eight, and he hated me.” The room went quiet.","Room of guests going still","Quote in a different colour","Turning serious"
"S52",6,36,45,"“He still let me teach him to fish. And today, he caught someone way out of his league.”","Old photo of a boy with a fishing rod","Quote in a different colour","Warm"
"S52",7,45,53,"Everyone laughed. I cried a little. It was the best eleven minutes of the night.","Guests laughing, string lights","Pause after “I cried a little.”","Moved"
"S52",8,53,60,"Okay, twelve. Should I post Part 2 about his fishing trips? Comment below.","Freeze frame on the stepdad","Hold final question","Light, direct"
"S53",1,0,3,"My client used the wrong name for two years.","Email inbox, name highlighted","Big caption, one line","Wry"
"S53",2,3,10,"My name is Nadia. Every single email from him started with “Hi Natalie.”","Email greeting, close-up","Quote in a different colour","Dry"
"S53",3,10,18,"I corrected him once, early on. He apologized and kept doing it. So I let it go.","Old email thread scrolling","Pause after “kept doing it.”","Resigned"
"S53",4,18,27,"Two years of “Natalie.” Calls, emails, holiday cards. My team started calling me Natalie as a joke.","Holiday card, wrong name","New caption per item","Amused"
"S53",5,27,36,"Then we met in person for the first time, at a conference. He walked over, shook my hand, and froze.","Conference hall, handshake","Pause after “and froze.”","Building"
"S53",6,36,45,"My badge said Nadia. He read it three times. Then he said, “Who's Natalie?” I said, “No idea.”","Name badge, close-up","Quote in a different colour","Deadpan"
"S53",7,45,53,"He laughed so hard he had to sit down. Then he signed a three-year contract that afternoon.","Pen signing a contract","Highlight “three-year contract”","Warm"
"S53",8,53,60,"The contract says Natalie. Should I correct it? Tell me below.","Signature line, wrong name","Hold final question","Light, direct"
"S54",1,0,3,"Someone in my building kept taking my packages.","Empty mailroom shelf","Big caption, one line","Annoyed"
"S54",2,3,10,"Four in one month. The front desk shrugged. The building camera has been broken since spring.","Camera with a loose wire","Highlight “broken since spring”","Dry"
"S54",3,10,18,"So I ordered a box of my own. Inside, I put a note and a lot of loose glitter.","Glitter poured into a box","Pause after “a note”","Sly"
"S54",4,18,27,"Two days later, the box was gone. That evening, a glittering trail led from the mailroom to the third floor.","Sparkling trail on stairs","Highlight “glittering trail”","Building"
"S54",5,27,36,"It stopped at apartment 3C. I knocked. A teenage boy opened the door, sparkling from his eyebrows down.","Door marked 3C, light glinting","Pause before “sparkling”","Amused"
"S54",6,36,45,"He looked terrified. Then his grandma appeared behind him and asked, very calmly, “What did you do?”","Grandma's silhouette in a doorway","Quote in a different colour","Deadpan"
"S54",7,45,53,"He returned all four packages that night. His grandma made him write me an apology. In glitter pen.","Apology note in sparkly ink","Pause before “In glitter pen.”","Satisfied"
"S54",8,53,60,"Was the glitter too much? Tell me in the comments.","Glitter falling, slow motion","Hold final question","Light, direct"
"S55",1,0,3,"My strictest teacher came to my graduation.","Graduation caps in the air","Big caption, one line","Curious"
"S55",2,3,10,"He taught chemistry. He never smiled, never gave extra credit, and once failed me on a quiz.","Chalkboard with formulas","New caption per sentence","Dry"
"S55",3,10,18,"I almost quit school senior year. He was the one who called my mom. I hated him for it.","Phone ringing in a kitchen","Pause after “called my mom.”","Bitter"
"S55",4,18,27,"Graduation day, I walked across the stage, and somewhere in the back, someone was holding a giant sign.","Stage view, crowd in the back","Highlight “giant sign”","Building"
"S55",5,27,36,"It said, “I told you so.” My old teacher, in a suit, holding cardboard over his head, not smiling.","Cardboard sign above a crowd","Quote in a different colour","Laughing"
"S55",6,36,45,"After the ceremony, he shook my hand and said I had been his most annoying student. And his favorite.","Handshake, gowns in the background","Pause before “And his favorite.”","Moved"
"S55",7,45,53,"I'm a chemistry teacher now. I have a sign in my closet, ready for the right student.","Folded sign in a closet","Highlight “ready”","Warm"
"S55",8,53,60,"Which teacher would you thank? Tell me in the comments.","Empty classroom, sunlight","Hold final question","Inviting"
"S56",1,0,3,"I found a diary inside a library book.","Thin notebook inside a book","Big caption, one line","Curious"
"S56",2,3,10,"A thin notebook tucked into an old travel guide. Handwritten. Every page dated, every day this year.","Handwritten pages, dates in corners","Highlight “every day this year”","Quiet"
"S56",3,10,18,"Ordinary stuff. Coffee, rain, a missed bus. Then I noticed the entries matched my week. Exactly.","Rain on a bus window","Pause before “Exactly.”","Uneasy"
"S56",4,18,27,"Monday: “Spilled coffee on a white shirt.” I did. Wednesday: “Lost a glove on the train.” I did.","Coffee stain, single glove","Quote in a different colour","Tense"
"S56",5,27,36,"The last entry was dated tomorrow. It said, “Return the book before noon. Don't read the last page.”","Final entry, close-up","Pause after “before noon.”","Whisper-like"
"S56",6,36,45,"There's no last page. It's been torn out. Just a strip of paper left near the spine.","Torn edge near a book spine","Highlight “torn out”","Low"
"S56",7,45,53,"The library opens at ten. I'm returning it first thing. The librarian doesn't know me yet.","Library doors, morning light","Pause before “yet.”","Quiet"
"S56",8,53,60,"Should I check out the book again? Part 2 tomorrow?","Book on a return cart","Hold “Part 2?” on screen","Low, direct"
"S57",1,0,3,"Was I wrong to cancel the trip I planned?","Cabin in the woods, booking screen","Two words per card","Unsure"
"S57",2,3,10,"Six friends, one cabin, three nights. I booked it, paid the deposit, and made the schedule.","Printed schedule on a fridge","New caption per item","Matter-of-fact"
"S57",3,10,18,"Everyone said they'd pay me back by the end of the month. The month ended. Nobody paid.","Calendar page turning","Pause after “The month ended.”","Flat"
"S57",4,18,27,"I sent a reminder. Two people sent laughing emojis. One said, “Relax, it's just a trip.”","Group chat, emoji replies","Quote in a different colour","Annoyed"
"S57",5,27,36,"A week before the trip, I still had zero payments. So I cancelled the booking and got my deposit back.","Cancel button pressed","Highlight “zero payments”","Firm"
"S57",6,36,45,"Then everyone was upset. They'd already taken time off. One friend said I ruined the summer.","Angry messages stacking","Pause after “ruined the summer.”","Tired"
"S57",7,45,53,"Two days later, they booked the same cabin themselves. Without me. And posted photos.","Cabin photos on a feed","Pause before “Without me.”","Stung"
"S57",8,53,60,"I'm honestly not sure anymore. Was I wrong? Comment below.","Empty hammock, slow pan","Hold final question","Direct"
"S58",1,0,3,"My boss told me to follow my job description.","Job description on a monitor","Big caption, one line","Flat"
"S58",2,3,10,"Exactly. Word for word. He'd caught me helping another team and said it was “not my job.”","Two desks, a closed door","Quote in a different colour","Dry"
"S58",3,10,18,"So I printed my job description and taped it to my monitor. Eleven bullet points. I did those eleven things.","Taped page on a monitor","Highlight “Eleven bullet points”","Sly"
"S58",4,18,27,"I stopped fixing the printer. I stopped updating the shared calendar. I stopped training every new hire on the software.","Jammed printer, blinking light","New caption per task","Calm, deliberate"
"S58",5,27,36,"None of that was on my list. Within two weeks, the printer jammed, meetings collided, and the new hires were lost.","Calendar full of overlaps","Pause after “collided”","Building"
"S58",6,36,45,"My boss called me in, frustrated. I pointed at my monitor and asked which bullet point he meant.","Finger pointing at a list","Pause before “which bullet point”","Innocent"
"S58",7,45,53,"He rewrote my job description that afternoon. With a new title and a raise attached.","New document being signed","Highlight “a raise attached”","Satisfied"
"S58",8,53,60,"Was that malicious compliance or fair? Tell me below.","Freeze frame on the list","Hold final question","Direct"
"S59",1,0,3,"My cousin invited herself on my honeymoon.","Two suitcases, then a third","Big caption, one line","Stunned"
"S59",2,3,10,"She found out where we were going and booked the same hotel. Same week. Then told us.","Hotel booking confirmation","Pause after “Same week.”","Disbelief"
"S59",3,10,18,"She said, “It'll be fun, I won't be in the way.” She was in the way by breakfast on day one.","Breakfast table set for three","Quote in a different colour","Dry"
"S59",4,18,27,"She sat at our table. She joined our boat tour. She asked the waiter to bring a third dessert spoon.","Three spoons around one dessert","New caption per sentence","Exasperated"
"S59",5,27,36,"Then she complained to the front desk that her room was smaller than ours. Ours was the honeymoon suite.","Hotel front desk bell","Pause before “honeymoon suite.”","Deadpan"
"S59",6,36,45,"On day three, my husband quietly asked the hotel to move us to their sister property across the island.","Ferry crossing blue water","Highlight “quietly”","Sly"
"S59",7,45,53,"She spent the rest of the week sending us photos of empty chairs with sad faces.","Phone with sad-face photos","Pause after “empty chairs”","Amused"
"S59",8,53,60,"She wants to come on our anniversary trip. What should I say? Comment below.","Calendar, anniversary circled","Hold final question","Direct"
"S60",1,0,3,"My sister uninvited me from her wedding by text.","Phone lock screen, one new message slides in","Big caption, 2 words per card","Flat, stunned"
"S60",2,3,10,"Two hours before the ceremony. The reason? My dress was “too close to white.” It was pale blue.","Background gameplay, text bubble overlay","Pause 0.5 s after “reason?”","Dry, slightly amused"
"S60",3,10,18,"I'd sent her a photo a month earlier. She replied with a heart emoji. I still have the screenshot.","Zoom on a blurred chat with a single heart","Highlight “heart emoji”","Matter-of-fact"
"S60",4,18,27,"So I stayed home, ordered takeout, and texted the whole family that photo with her heart underneath it. No caption.","Takeout box on a couch, send button tap","Beat of silence after “No caption.”","Calm, deliberate"
"S60",5,27,36,"Within ten minutes, Mom called. Then my aunt. Then the groom, who apparently had no idea I'd been uninvited at all.","Incoming-call screens stacking up","New caption per caller","Building speed"
"S60",6,36,45,"He drove over still in his suit. He said, “Get dressed. You're sitting in the front row, next to my mom.”","Car headlights at night, doorbell","Quote in a different colour","Warm, a little shaky"
"S60",7,45,54,"I went. My sister didn't speak to me all night. His mom asked where I bought my dress.","String lights, empty dance floor, slow pan","Pause before the last sentence","Wry"
"S60",8,54,60,"So, was I wrong to send the screenshot? Tell me in the comments.","Freeze frame, comment icon pulses","Hold final caption 1.5 s","Direct"
