script_id,title,subgenre,length_s,word_count,hook_line,full_voiceover,make_it_yours_1,make_it_yours_2,make_it_yours_3,cta,opener_a,opener_b,opener_c,shorts_title,description,hashtags,part2_teaser,cover_text
"S01","Am I Wrong for Charging My Best Friend Rent?","AITA / judgment",30,67,"Am I wrong for charging my best friend rent?","Am I wrong for charging my best friend rent? She asked to crash on my couch for one week. That was five months ago. She eats my groceries, uses my laptop, and invites her boyfriend over every weekend. So I printed a simple lease. Two hundred a month, utilities included. She called it betrayal. Now our whole friend group is split. Was I wrong? Tell me below.","Swap the friend for a cousin, a sibling or a coworker.","Change the rent to a chore list or a grocery split.","Change the ending: she pays, or she moves out that night.","Was I wrong? Tell me below.","She crashed for a week. Five months later: rent.","My best friend called my lease a betrayal.","One printed lease split my whole friend group.","I Charged My Best Friend Rent for My Couch","Fictional story: a one-week couch stay turns into five months, so I print a lease.","#aita #roommatedrama #storytime","Part 2: the day she actually paid the first month.","Rent for a couch?"
"S02","My Coworker Kept Stealing My Lunch, So I Packed Decoys","Petty revenge",30,64,"Someone at work kept stealing my lunch.","Someone at work kept stealing my lunch. Every day, same fridge, same shelf, my labeled container was empty by noon. So I started packing decoys. Plain rice. Then plain rice with a note: “Enjoying it?” Day three, my manager came to the meeting holding my container. And my note. He never said a word. Neither did I. Should I have reported him? Comment below.","Swap the thief: manager to an intern, or a roommate at home.","Swap the decoy: plain rice to a lunch with a funny drawing.","Change the ending: the thief leaves a thank-you note instead.","Should I have reported him? Comment below.","The lunch thief was my manager. I had proof.","I packed plain rice with a note. Day three…","My manager walked into the meeting holding my lunch.","Someone Stole My Lunch Daily, So I Packed Decoys","Fictional story: a lunch thief at work meets a decoy box with a note inside.","#pettyrevenge #officelife #storytime","Part 2: what I found in my container the next Monday.","The lunch thief"
"S03","A Stranger Demanded My Window Seat for the View","Entitled people",30,69,"A stranger demanded my window seat for the view.","A stranger demanded my window seat for the view. I'd paid extra for it. She told me I could “see clouds anytime.” When I said no, she called the flight attendant and said I was being rude to her. The attendant checked both boarding passes, smiled, and moved her to the last row. Middle seat. The view was great, by the way. Would you have switched? Tell me below.","Move it from a plane to a train, a bus or a concert.","Swap the excuse: the view to “my phone needs the light.”","Swap who solves it: the attendant to another passenger.","Would you have switched? Tell me below.","She wanted my window seat. She got the middle.","“You can see clouds anytime.” I'd paid extra.","She called the flight attendant on me. Big mistake.","She Demanded My Window Seat. The Attendant Said No.","Fictional story: a passenger demands my paid window seat and calls the attendant.","#entitledpeople #planestories #storytime","Part 2: who she sat next to in the last row.","She wanted MY seat"
"S04","My Mom Gave My Wedding Fund to My Brother","Family & wedding",30,66,"My mom gave my wedding fund to my brother.","My mom gave my wedding fund to my brother. She'd been saving it since I was ten. He needed a new car, apparently. I found out when he pulled into my engagement party in it. Shiny, red, with a bow. Mom said, “You're good with money. You'll figure it out.” So I did. We eloped. I mailed her a photo. Was that too far? Comment below.","Swap the relative: mom to a grandparent or an aunt.","Swap what the money bought: a car to a vacation or a boat.","Change the ending: you still invite her, or you elope abroad.","Was that too far? Comment below.","My wedding fund showed up as a red car.","“You're good with money,” Mom said. So we eloped.","My brother drove my wedding fund to my party.","My Mom Spent My Wedding Fund on My Brother's Car","Fictional story: years of wedding savings become my brother's new car, so we elope.","#familydrama #weddingdrama #storytime","Part 2: what Mom said when the elopement photo arrived.","My wedding fund. Gone."
"S05","My Boss Scheduled a Meeting About Fewer Meetings","Workplace",30,66,"My boss scheduled a meeting about having fewer meetings.","My boss scheduled a meeting about having fewer meetings. It was ninety minutes long. There was a slideshow. There were breakout groups. So I brought a kitchen timer and set it on the table. Ten minutes per topic. Everyone laughed. Then my boss asked to borrow it for every meeting after that. We now finish early. Would you have tried that at your job? Comment below.","Swap the prop: kitchen timer to a sand timer or a bell.","Swap the boss's reaction: annoyed at first, then a convert.","Set it in a school, a club or a family meeting.","Would you have tried that at your job? Comment below.","Ninety minutes. A slideshow. All about fewer meetings.","I brought a kitchen timer to my boss's meeting.","Now my boss borrows my kitchen timer. Every meeting.","My Boss Held a 90-Minute Meeting About Fewer Meetings","Fictional story: a meeting about fewer meetings meets a ten-minute kitchen timer.","#workstories #officehumor #storytime","Part 2: the meeting where the timer went off on the director.","A meeting about meetings"
"S06","My Roommate Labeled Half the Fridge “Mine”","Roommate & neighbor",30,67,"My new roommate labeled half the fridge “mine.”","My new roommate labeled half the fridge “mine.” Not her food. The shelves. Including the one with my groceries already on it. So I labeled things too. The oven, the microwave, the only kettle, and the Wi-Fi router. She lasted one evening without tea. Then she knocked and asked if we could talk. We made a shared shelf. Who was right here? Tell me in the comments.","Swap the territory: fridge to bathroom shelves or closet space.","Swap your counter-move: labels to a written house agreement.","Change the ending: she moves out, or you become friends.","Who was right here? Tell me in the comments.","She labeled the fridge. I labeled the kettle.","My roommate lasted one evening without tea.","I put a label on the Wi-Fi router.","She Labeled Half the Fridge, So I Labeled the Wi-Fi","Fictional story: a new roommate claims half the fridge, and the label war begins.","#roommatestories #pettyrevenge #storytime","Part 2: what went on the shared shelf first.","Half the fridge is “hers”"
"S07","My Grumpy Neighbor Left a Box on My Porch","Wholesome twist",30,70,"My grumpy neighbor left a box on my porch.","My grumpy neighbor left a box on my porch. For two years he'd complained about my music, my dog and my parking. Inside the box was a dog bed he'd built by hand. Cedar, with my dog's name carved in. A note said, “He waits by the fence for me every morning. Figured he'd earned it.” Turns out he wasn't grumpy. Just shy. Part 2 on what I made him?","Swap the gift: dog bed to a birdhouse or a repaired bike.","Swap the pet: dog to a cat, or your kid.","Swap the reveal: a note to a voicemail or a face-to-face talk.","Part 2 on what I made him?","He complained for two years. Then he built this.","My dog's name was carved into cedar. By him.","My grumpy neighbor hand-built my dog a bed.","The Neighbor Who Complained for 2 Years Left Me a Box","Fictional story: the grumpy neighbor next door leaves a handmade surprise for my dog.","#wholesome #neighborstories #storytime","Part 2: what I made him back.","A box on my porch"
"S08","I Keep Getting Texts From My Own Number","Unsettling / mystery",30,66,"I keep getting texts from my own number.","I keep getting texts from my own number. The first one said, “Don't take the stairs today.” I laughed and took them anyway. Third floor, the light was out. I missed the step and caught the railing just in time. That night, another text from my number: “Told you.” I checked my sent folder. Empty. Today it said one word: “Tuesday.” Should I post Part 2?","Swap the device: texts to voicemails or sticky notes.","Swap the warning: stairs to the elevator or the bus.","Change the last word to a date that matters in your story.","Should I post Part 2?","My own number texted me: “Don't take the stairs.”","I ignored the text. The stairwell light was out.","“Told you,” said the text. My sent folder: empty.","I Keep Getting Warnings Texted From My Own Number","Fictional story: texts from my own number start predicting my day.","#creepystory #mystery #storytime","Part 2: what happened on Tuesday.","Texts from… me?"
"S09","Was I Wrong to Leave My Own Birthday Dinner?","AITA / judgment",30,67,"Was I wrong to leave my own birthday dinner?","Was I wrong to leave my own birthday dinner? My friends picked the restaurant. The most expensive one in town. I didn't choose it. When the bill came, they split it evenly. Including their drinks, desserts, and my cake. I'd ordered a side salad. I paid for my salad, said thank you, and walked out. Half the table hasn't texted me since. Was I wrong? Comment below.","Swap the occasion: birthday to a farewell or a promotion dinner.","Swap the trigger: the bill to a surprise guest list.","Change the ending: someone follows you out to apologize.","Was I wrong? Comment below.","I had a side salad. They split it evenly.","I paid for my salad and walked out.","They put my own birthday cake on my bill.","They Split My Birthday Bill Evenly. I Had a Salad.","Fictional story: friends pick a pricey place for my birthday, then split the bill.","#aita #birthdaydrama #storytime","Part 2: who texted me first, a week later.","I left my own party"
"S10","My Neighbor Kept Parking in My Spot, So I Read the Rules","Petty revenge",30,66,"My neighbor kept parking in my spot.","My neighbor kept parking in my spot. Every single night. I left notes. He left them under my wiper, folded into tiny squares. So I read the building rules. Twelve pages. Page nine said unassigned cars get relocated, at the owner's expense. I called the number on page nine. His car was gone by midnight. He parks three blocks away now. Too petty? Tell me below.","Swap the spot: parking to a laundry machine or a bike rack.","Swap the rulebook: building rules to a club or office policy.","Change the ending: he leaves you a note of apology.","Too petty? Tell me below.","Page nine of the building rules fixed everything.","He left my notes under my wiper. Folded tiny.","His car was gone by midnight. One phone call.","My Neighbor Kept Taking My Spot. Page Nine Fixed It.","Fictional story: a neighbor keeps parking in my spot until I read the rules.","#pettyrevenge #parkingwars #storytime","Part 2: the note he left me three blocks away.","My spot. My rules."
"S11","She Wanted My Handmade Cake for Free","Entitled people",30,72,"She wanted my handmade cake for free.","She wanted my handmade cake for free. Three tiers, two days of work. She said it's “just a hobby,” so it shouldn't cost anything. I said no. So she ordered one from the fanciest bakery in town instead. Her caption: “Real bakers don't call it a hobby.” She had no idea who decorated it. Me. I'm their weekend decorator. She paid full price for my cake. Should I tell her? Comment below.","Swap the craft: cake to a painting, a website or a dress.","Swap the requester: a friend to a cousin or a neighbor.","Change the ending: she finds out when the bakery posts your photo.","Should I tell her? Comment below.","“It's just a hobby,” she said. So, free.","She paid full price for my cake. Unknowingly.","Her caption mocked hobby bakers. I decorated her cake.","She Wanted My Cake Free, Then Paid Full Price for It","Fictional story: she wants a free cake, so she buys one. Guess who decorated it.","#entitledpeople #baking #storytime","Part 2: the day she found out who decorated it.","“It's just a hobby”"
"S12","I Got Left Out of the Family Photo","Family & wedding",30,69,"I got left out of the family photo.","I got left out of the family photo. Grandpa's ninetieth. Everyone lined up on the porch while I was parking the car. When I walked up, my aunt said, “We're done, sweetie.” They'd already printed copies. Grandpa looked at the photo, then at me, and asked the photographer to stay. The second photo is just him and me. It's on his wall now. Ever happen to you? Comment below.","Swap the event: birthday to a reunion or a graduation.","Swap who notices: grandpa to a cousin or the photographer.","Change the ending: you take your own photo instead.","Ever happen to you? Comment below.","They printed the family photo before I'd parked.","“We're done, sweetie,” my aunt said. Grandpa wasn't.","Only one family photo hangs on Grandpa's wall. Mine.","My Family Took the Photo Without Me. Grandpa Noticed.","Fictional story: I miss the family photo at Grandpa's ninetieth, and he notices.","#familydrama #wholesome #storytime","Part 2: what Grandpa said about the first photo.","Not in the photo"
"S13","I Found My Exact Job Posted Online","Workplace",30,66,"I found my exact job posted online.","I found my exact job posted online. Same title, same team, same desk in the photo. The salary was much higher than mine. I printed it and brought it to my review. My manager read it twice. She said the posting was for my replacement. I asked, “Then why not pay me that?” I got the raise that week. Would you have asked? Tell me below.","Swap the industry: office to a restaurant or a shop.","Swap how you find it: online to a friend forwarding the link.","Change the ending: you take a new job instead.","Would you have asked? Tell me below.","My job was posted online. Same desk. Higher pay.","I brought my own job listing to my review.","“Then why not pay me that?” I asked.","I Found My Own Job Posted Online for More Money","Fictional story: I find my exact job listed at a higher salary and bring it to my review.","#workstories #salary #storytime","Part 2: what happened to the replacement posting.","That's MY job"
"S14","My Upstairs Neighbor Tap Dances at 2 a.m.","Roommate & neighbor",30,66,"My upstairs neighbor tap dances at 2 a.m.","My upstairs neighbor tap dances at 2 a.m. Every night for three weeks. I knocked on the ceiling with a broom. Nothing. So I went upstairs to complain. A tiny old lady opened the door in tap shoes. She had a recital in a month. Her first one, at seventy-eight. So now I'm her practice audience on Sundays. Should I tell you how the recital went?","Swap the noise: tap dancing to drums, bowling or a parrot.","Swap the neighbor: an old lady to a kid or a night-shift nurse.","Change the ending: you end up in the recital too.","Should I tell you how the recital went?","2 a.m. Tap shoes. Every night for three weeks.","I knocked to complain. She answered in tap shoes.","My noisy neighbor is seventy-eight and has a recital.","My Upstairs Neighbor Tap Danced at 2 a.m. Every Night","Fictional story: the 2 a.m. noise upstairs turns out to be a 78-year-old's recital practice.","#neighborstories #wholesome #storytime","Part 2: how her first recital went.","Tap dancing at 2 a.m."
"S15","My Dad Learned Sign Language in Secret","Wholesome twist",30,65,"My dad learned sign language in secret.","My dad learned sign language in secret. My girlfriend is Deaf. Dad always nodded at her and smiled, but never said much. At our engagement dinner, he stood up, put down his glass, and started signing. It was slow and clumsy. He'd practiced for eight months. She cried before he finished. He signed one sentence: “Welcome to the family.” Want Part 2 from her side?","Swap who learns: dad to a grandparent or a sibling.","Swap the skill: sign language to her first language or a family recipe.","Swap the moment: engagement dinner to a wedding toast.","Want Part 2 from her side?","Dad never said much to her. Then he signed.","He practiced for eight months. For one sentence.","My girlfriend cried before my dad finished signing.","My Quiet Dad Learned Sign Language for One Sentence","Fictional story: my dad secretly learns sign language for my Deaf girlfriend.","#wholesome #familylove #storytime","Part 2: the same night, told from her side.","Dad's secret"
"S16","There's a Chair in My Attic. Not Mine.","Unsettling / mystery",30,64,"There's a chair in my attic. Not mine.","There's a chair in my attic. Not mine. Old, wooden, facing the small round window. I've lived here alone for six years. I carried it to the curb on trash day. The truck took it. I watched. That night I heard something drag across the attic floor. Slowly. Toward the window. I haven't gone up yet. Should I check? Tell me in the comments.","Swap the object: chair to a mirror, a lamp or a rocking horse.","Swap the place: attic to a basement or a garden shed.","Change the ending: you find a note on the chair.","Should I check? Tell me in the comments.","The truck took the chair. Something still drags upstairs.","Six years alone. So whose chair is this?","Something dragged across my attic floor. Toward the window.","There's a Chair in My Attic That Isn't Mine","Fictional story: a strange chair appears in my attic, and getting rid of it doesn't help.","#creepystory #mystery #storytime","Part 2: what I found when I finally went up.","Not my chair"
"S17","Am I Wrong for Not Lending My Car Again?","AITA / judgment",30,65,"Am I wrong for not lending my car again?","Am I wrong for not lending my car again? My sister borrowed it three times this year. Each time it came back with less gas. Last time, it came back with a dent and a parking ticket in the glovebox. This time I said no. She called our mom, who called me selfish. I paid for that dent myself. So, am I wrong? Comment below.","Swap the item: car to a camera, a laptop or your apartment.","Swap the damage: dent to a spilled drink or a lost key.","Change the ending: you offer her a ride instead.","So, am I wrong? Comment below.","My car came back dented. With a parking ticket.","I said no. Then Mom called me selfish.","Three loans this year. Less gas every time.","My Sister Dented My Car. Now I'm Selfish for Saying No?","Fictional story: after a dent and a ticket, I stop lending my car to my sister.","#aita #familydrama #storytime","Part 2: what my sister asked to borrow next.","Not lending my car"
"S18","My Roommate Never Did Dishes, So I Hid Every Plate","Petty revenge",30,64,"My roommate never did his dishes.","My roommate never did his dishes. Six weeks of a full sink. Every chart, chat and sticky note got ignored. So I hid every plate, bowl and cup except one set each. Labeled with our names. He used his set once, left it dirty, and ate cereal from a measuring cup. On day four he washed it. Was that too petty? Tell me below.","Swap the chore: dishes to trash, laundry or recycling.","Swap the hiding place: a box under your bed or your car trunk.","Change the ending: he buys paper plates out of spite.","Was that too petty? Tell me below.","I hid every plate but one. Labeled.","He ate cereal from a measuring cup. Spite.","Six weeks of dirty dishes. So I hid them.","I Hid Every Plate Until My Roommate Washed One","Fictional story: a roommate ignores the dishes, so every plate but one disappears.","#roommatestories #pettyrevenge #storytime","Part 2: where I hid the plates, and who found them.","One plate left"
"S19","A Parent Demanded the Swing I Was Fixing","Entitled people",30,71,"A parent demanded the swing I was fixing.","A parent demanded the swing I was fixing. I volunteer at the neighborhood park. One swing had a cracked chain, so I took it down. A man walked up and said his son had waited long enough. Put it back. I showed him the chain. He said, “Then fix it faster.” His son was already on the slide. I finished it the next morning. What would you have said? Comment below.","Swap the place: park to a gym, a pool or a library.","Swap the broken thing: swing to a printer or a water fountain.","Change the ending: his son helps you fix it.","What would you have said? Comment below.","I volunteer at the park. Today a dad yelled.","A dad wanted the broken swing back up.","“Put it back,” he said. The chain was cracked.","A Dad Demanded the Broken Swing I Was Fixing","Fictional story: a park volunteer takes down a cracked swing, and a parent wants it back.","#entitledparents #volunteer #storytime","Part 2: what his son said the next morning.","The swing was broken"
"S20","My Twin Wanted to Share My Wedding Date","Family & wedding",30,65,"My twin wanted to share my wedding date.","My twin wanted to share my wedding date. Same venue, same day, one big double ceremony. She'd already told our parents it was settled. I'd booked that date eighteen months ago. She got engaged three weeks ago. I said no. Mom said twins should share everything. I said, “Then she can share the bill.” She picked a different date. Was I wrong? Tell me below.","Swap the relative: twin to a best friend or a cousin.","Swap the event: wedding to a baby shower or a birthday party.","Change the ending: you agree, and it goes badly.","Was I wrong? Tell me below.","Booked eighteen months ago. Then my twin wanted it.","“Twins share everything.” Then she can share the bill.","My twin announced a double wedding. I said no.","My Twin Wanted a Double Wedding on My Date","Fictional story: my twin tries to share my wedding date, venue and day.","#weddingdrama #twins #storytime","Part 2: the date she picked, and why it matters.","Same date? No."
"S21","My Manager Read My Resignation Letter to the Team","Workplace",45,91,"My manager read my resignation letter out loud.","My manager read my resignation letter out loud. To the whole team. In the Monday meeting. He said he wanted everyone to “learn from it.” I'd written it politely. Two lines. Thank you for the opportunity, my last day is the fifteenth. He read it in a funny voice. A few people laughed. Most stared at the table. Then Dana from accounting stood up and said, “Can you read mine next?” and handed him an envelope. Three more people quit that week. He doesn't read letters out loud anymore. Part 2?","Swap the letter: resignation to a complaint or a time-off request.","Swap the hero: Dana to an intern or the quiet IT guy.","Change the ending: HR steps in during the meeting.","Part 2?","He mocked my resignation letter. Then Dana stood up.","Three people quit after my resignation was read aloud.","“Can you read mine next?” Dana asked our manager.","My Manager Read My Resignation Out Loud. Then Dana Stood Up","Fictional story: a manager mocks my two-line resignation in front of the team.","#workstories #quittingmyjob #storytime","Part 2: what Dana's letter said.","Read out loud. To everyone."
"S22","My Neighbor Built a Fence on My Lawn","Roommate & neighbor",45,97,"My neighbor built a fence on my lawn.","My neighbor built a fence on my lawn. Not near it. On it. Two feet past the line, right through my vegetable garden. When I asked about it, he smiled and said, “You'll love it. Now, can you paint your side?” So I pulled out the property map from my closing papers and walked it with a tape measure, out loud. He followed me the whole time, getting quieter. At the end he just said, “I'll call the fence guy.” It moved back that weekend. I painted my side green. Was I too calm? Tell me below.","Swap the structure: fence to a shed, a hedge or a pool.","Swap the proof: property map to an old photo or a survey.","Change the ending: you split the cost and become friends.","Was I too calm? Tell me below.","Two feet past the line. Through my vegetable garden.","His fence sits on my lawn. He wants paint.","I measured the property line out loud.","My Neighbor Built His Fence on My Lawn","Fictional story: a neighbor builds a fence two feet onto my lawn, then asks me to paint it.","#neighborstories #propertyline #storytime","Part 2: what the fence guy said when he saw the map.","A fence on MY lawn"
"S23","A Stranger Paid for My Groceries Ten Years Ago","Wholesome twist",45,107,"A stranger paid for my groceries ten years ago.","A stranger paid for my groceries ten years ago. I was a broke student counting coins at the register. She tapped her card and left. She didn't give her name. Just said, “Do the same one day.” I wrote that on my fridge. Last month, a man in front of me came up short at the same store. I paid. The cashier froze. She'd worked there ten years. She handed me an old envelope: “For the coin kid, once he pays it forward.” Inside: my old receipt and her number. I called. We get coffee every Thursday now. Has a stranger ever helped you? Tell me below.","Swap the setting: grocery store to a bus, a pharmacy or a gas station.","Swap the reminder: words on your fridge to a receipt you kept.","Change what's in the envelope: a photo, a recipe or a second note.","Has a stranger ever helped you? Tell me below.","She paid for me. Ten years later, I paid.","The cashier kept her envelope for ten years.","I was the coin kid. She left me something.","A Stranger Paid for My Groceries. 10 Years Later…","Fictional story: a stranger's kindness at a register comes back around ten years later.","#wholesome #payitforward #storytime","Part 2: what she told me at our first coffee.","10 years later…"
"S24","My New Apartment Came With a Key That Fits No Door","Unsettling / mystery",45,97,"My new apartment came with an extra key.","My new apartment came with an extra key. The landlord said it wasn't his. It doesn't fit my door, the mailbox or the storage unit. I tried every lock in the building. The laundry room, the roof, the basement. Nothing. Last night I heard a click in my hallway. The closet I never use was open, just a crack. Behind the coats, there's a small door I'd never noticed. It has a keyhole. Old, brass, same color as the key. I haven't tried it yet. Should I? Tell me in the comments, and I'll post Part 2.","Swap the object: key to a remote, a code or a ticket stub.","Swap the hidden spot: closet to a cupboard or the space under the stairs.","Change the ending: the key fits, and the room is empty except for a note.","Should I? Tell me in the comments, and I'll post Part 2.","This key fits nothing. Then I found a door.","Last night, the closet I never use was open.","Behind my coats: a small door with a keyhole.","My New Apartment Came With a Key That Fits Nothing","Fictional story: a mystery key in my new apartment leads to a door I never noticed.","#creepystory #mystery #storytime","Part 2: I try the key.","A key to nothing"
"S25","Am I the Jerk for Not Switching Seats?","AITA / judgment",45,94,"Am I the jerk for not switching seats?","Am I the jerk for not switching seats? I booked an aisle seat on a long flight months ago, because I have bad knees. A family asked me to swap for a middle seat at the back so they could sit together. I said I was sorry, but I needed the aisle. The dad sighed loudly the entire flight. The woman next to me offered her window seat to the family instead. They took it and thanked her, not me. I still feel weird about it. Was I wrong? Tell me in the comments.","Swap the reason: bad knees to a work deadline or a fear of flying.","Swap the setting: plane to a train, a concert or a cinema.","Change the ending: the dad apologizes at baggage claim.","Was I wrong? Tell me in the comments.","They wanted my aisle seat. I have bad knees.","The dad sighed at me for the entire flight.","A stranger gave them her seat. I got glares.","I Didn't Switch My Plane Seat for a Family","Fictional story: I keep the aisle seat I booked for my knees, and a family isn't happy.","#aita #planestories #storytime","Part 2: what the dad said at baggage claim.","I kept my seat"
"S26","The HOA Fined Me for My Mailbox Color","Petty revenge",45,91,"The HOA fined me for my mailbox color.","The HOA fined me for my mailbox color. Light blue. They said only “approved neutral shades” were allowed. They mailed the fine to that mailbox. So I read all forty pages of the rules. Mailbox colors weren't in there. Not once. But page thirty said board members must approve every fine in writing, with signatures. Mine had none. I brought both documents to the next meeting and read page thirty out loud, slowly. The fine was cancelled that night. Three neighbors painted their mailboxes the next week. Too petty? Comment below.","Swap the rule: mailbox color to door color or garden gnomes.","Swap the group: HOA to a school, a gym or an office.","Change the ending: you get elected to the board.","Too petty? Comment below.","They mailed the fine to the mailbox in question.","Forty pages of rules. Not one word about mailboxes.","I read page thirty out loud. Fine cancelled.","The HOA Fined My Blue Mailbox. Page 30 Said Otherwise.","Fictional story: the HOA fines my mailbox color, so I read all forty pages of rules.","#hoa #pettyrevenge #storytime","Part 2: the meeting where I ran for the board.","Fined for a mailbox"
"S27","She Reclined Fully, Then Handed Me Her Drink","Entitled people",45,91,"She reclined fully, then handed me her drink.","She reclined fully, then handed me her drink. Long bus ride, overnight. Her seat was basically resting on my knees. Then she reached back, without looking, and held out a coffee. She said, “Hold this, I'm sleeping.” I held it for four seconds. Then I tapped her shoulder and asked if she wanted me to wake her for it. She sat up, embarrassed, and took the coffee back. The man across the aisle started slowly clapping. She didn't recline again for the whole trip. What would you have done? Comment below.","Swap the vehicle: bus to a plane or a train.","Swap the request: hold her drink to watch her bag or charge her phone.","Change the ending: the driver steps in.","What would you have done? Comment below.","Her seat was on my knees. Then: her coffee.","“Hold this, I'm sleeping,” she said. Without looking back.","A stranger across the aisle started slowly clapping.","She Reclined Into My Knees, Then Handed Me Her Coffee","Fictional story: on an overnight bus, a fully reclined stranger asks me to hold her coffee.","#entitledpeople #busstories #storytime","Part 2: what happened at the rest stop.","Recline + a drink?"
"S28","My Mother-in-Law Returned Our Wedding Gift at Dinner","Family & wedding",45,93,"My mother-in-law returned our wedding gift. At dinner.","My mother-in-law returned our wedding gift. At dinner. We'd given her a framed photo from the wedding. Her son and me, laughing, in the rain. She slid it across the table and said, “I'd prefer one without you in it.” My husband didn't say a word. He just picked it up, stood, and put his coat on. On the way out, he hung it in her hallway, on the nail where his graduation photo used to be. She called the next morning to apologize. To me. Should we forgive her? Tell me below.","Swap the gift: photo to a recipe book or a hand-knit blanket.","Swap who reacts: husband to a sister-in-law or a father-in-law.","Change the ending: she never calls, and you keep the photo.","Should we forgive her? Tell me below.","“I'd prefer one without you in it,” she said.","My husband stood up and put his coat on.","Our photo hangs where his graduation photo used to.","My Mother-in-Law Handed Back Our Wedding Photo at Dinner","Fictional story: my mother-in-law returns our wedding photo because I'm in it.","#motherinlaw #familydrama #storytime","Part 2: what she said on that phone call.","Gift returned. At dinner."
"S29","I Trained My Replacement Without Knowing It","Workplace",45,92,"I trained my replacement without knowing it.","I trained my replacement without knowing it. My manager said the new hire would be “helping” with my projects. I gave her everything. Files, passwords, client notes, my shortcuts. She was smart and kind, and I liked her. On Friday, I got a meeting invite called “Transition.” My manager said my role was being restructured. On Monday, the new hire quit. Her email said she wouldn't take a job from someone who trained her that well. They offered me my job back with a raise. Should I take it? Tell me below.","Swap the industry: office to a kitchen, a store or a salon.","Swap the twist: she quits, or she refuses the role in the meeting.","Change the ending: you start your own business with her.","Should I take it? Tell me below.","I gave the new hire everything. Then came “Transition.”","My replacement quit because I trained her too well.","The meeting invite just said “Transition.” It meant me.","I Trained My Replacement. Then She Refused the Job","Fictional story: I train the new hire, find out she's my replacement, and she quits.","#workstories #corporatelife #storytime","Part 2: whether I took the job back.","I trained my replacement"
"S30","My Roommate Was Renting Out My Room While I Worked","Roommate & neighbor",45,94,"My roommate was renting out my room. Daily.","My roommate was renting out my room. Daily. I work nights. I kept finding my pillows flipped and my plant moved to the windowsill. Then I found a long hair on my pillow. Blonde. Neither of us is blonde. So I came home at noon one day, unannounced. A stranger was napping in my bed with a sleep mask on. She was very polite. She showed me the listing on her phone. Daytime rest room, quiet, nice plant. I moved out that month and kept the plant. Should I have reported him? Comment below.","Swap the clue: hair on the pillow to a smell or a missing snack.","Swap who rents it: roommate to a landlord or a sibling.","Change the ending: you demand half the money.","Should I have reported him? Comment below.","A stranger was napping in my bed at noon.","My plant kept moving. Then I found the listing.","One blonde hair. Neither of us is blonde.","My Roommate Rented My Room by Day While I Worked Nights","Fictional story: I work nights and discover my roommate rents my bed out by day.","#roommatestories #roommatefromhell #storytime","Part 2: how much he'd been charging for my bed.","Someone's in my room"
"S31","A Kid I Tutored for Free Just Wrote Me","Wholesome twist",45,90,"A kid I tutored for free just wrote me.","A kid I tutored for free just wrote me. Eight years ago, I helped a neighbor's son with math every Tuesday at my kitchen table. He hated fractions. He'd cry, then laugh, then cry again. His mom paid me in homemade soup. Yesterday a letter came. He's finishing an engineering degree, and he's tutoring kids on Tuesdays now. Inside was a photo of his students at a kitchen table. And a recipe card for the soup. I'm making it tonight. Who helped you when nobody had to? Tell me below.","Swap the subject: math to reading, guitar or swimming.","Swap the payment: soup to bread, drawings or rides to work.","Change the ending: he shows up at your door instead of writing.","Who helped you when nobody had to? Tell me below.","He used to cry over fractions. Now he tutors.","I was paid in soup. Today, the recipe came.","Eight years of Tuesdays came back in one letter.","The Kid I Tutored for Free Wrote Me 8 Years Later","Fictional story: the neighbor kid I tutored at my kitchen table sends a letter years later.","#wholesome #teacherstories #storytime","Part 2: visiting his Tuesday class.","A letter from my student"
"S32","Every Photo From My Trip Has the Same Stranger","Unsettling / mystery",45,90,"Every photo from my trip has the same stranger.","Every photo from my trip has the same stranger. I didn't notice until I got home and scrolled through all two hundred of them on my laptop. A man in a grey coat. In the background at the beach, the market, the train station. He's never looking at the camera. He's always looking at me. Different cities. Same coat. I zoomed in on the last photo, from my front door when I got home. He's across the street. I took that photo this morning. Should I go outside? Comment below.","Swap the detail: grey coat to a yellow umbrella or a red hat.","Swap the trip: vacation to a wedding or a work conference.","Change the ending: he is in a photo from your childhood too.","Should I go outside? Comment below.","Two hundred photos. One grey coat in every one.","He's never looking at the camera. Always at me.","This morning's photo of my front door. Look closer.","The Same Stranger Is in Every Photo From My Trip","Fictional story: a man in a grey coat appears in every photo from my trip, and then at home.","#creepystory #mystery #storytime","Part 2: I finally open the door.","The same stranger. Every photo."
"S33","Am I Wrong for Refusing My In-Laws a Key?","AITA / judgment",45,89,"Am I wrong for refusing my in-laws a key?","Am I wrong for refusing my in-laws a key? We just bought our first home. My mother-in-law asked for a key on the very first day. I said we'd rather they call first. She said family doesn't need permission to visit. My husband agreed with me at home. At her house, he said it was “my rule,” not his. Now she tells everyone I'm locking her out of her son's life. Over one key. We still invite them every Sunday. So, am I wrong? Tell me in the comments.","Swap who asks: in-laws to your own parents or a sibling.","Swap the object: key to a door code or a garage remote.","Change the ending: your husband backs you up in front of her.","So, am I wrong? Tell me in the comments.","First day in our house. She wanted a key.","My husband called it “my rule” at her house.","One key, and now I'm the family villain.","I Said No to Giving My In-Laws a Key to Our House","Fictional story: my mother-in-law wants a key on day one in our new home.","#aita #inlaws #storytime","Part 2: the Sunday she tried the door.","No key for you"
"S34","My Sister Copied Every Outfit, So I Planned One","Petty revenge",45,88,"My sister copied every outfit I wore.","My sister copied every outfit I wore. Every family event for two years. I'd post a photo, and she'd show up wearing the same thing. So before Grandma's anniversary party, I posted a photo in a bright yellow dress with giant sunflowers. She arrived in the exact dress. Same sunflowers. I arrived in a plain black dress. Grandma looked at her, then at me, and said, “Oh good, someone dressed like the cake.” The cake was yellow with sunflowers. She hasn't copied me since. Too petty? Comment below.","Swap the copycat: sister to a coworker or a best friend.","Swap the trap: dress to a haircut or a potluck dish.","Change the ending: you both laugh and wear it together next time.","Too petty? Comment below.","She copied my outfits. So I picked her next.","I posted a sunflower dress. Then I wore black.","Grandma said she dressed like the cake. She did.","My Sister Copied My Outfits, So I Set a Sunflower Trap","Fictional story: my sister copies every outfit I post, so I post one on purpose.","#pettyrevenge #sisters #storytime","Part 2: what she wore to the next party.","The outfit copier"
"S35","My Neighbor Asked Me to Move My Fence for Her Photos","Entitled people",45,95,"My neighbor asked me to move my fence.","My neighbor asked me to move my fence. Not because of the property line. Because it was “ruining the background” of her photos. She posts every morning from her garden. My fence is brown, and her theme is “white and gold.” She offered to pay for half if I took it down completely. My dog lives behind that fence. I said no. The next morning there was a gold ribbon tied to my fence, with a note: “Compromise?” I kept the ribbon. My dog wears it on walks now. What would you do? Comment below.","Swap the request: fence to your car, your garden or your holiday lights.","Swap her reason: photos to her video calls or her guests.","Change the ending: you paint the fence white and gold, for a price.","What would you do? Comment below.","My brown fence was “ruining” her morning photos.","She'd pay half if my fence disappeared.","A gold ribbon on my fence. And a note.","My Neighbor Wanted My Fence Gone for Her Photos","Fictional story: a neighbor asks me to remove my fence because it ruins her photo theme.","#neighborstories #entitledpeople #storytime","Part 2: her offer for a white-and-gold paint job.","Move my fence?!"
"S36","My Aunt Seated Me at the Kids' Table at Thirty-One","Family & wedding",45,95,"My aunt seated me at the kids' table.","My aunt seated me at the kids' table. I was thirty-one. At my cousin's wedding. My name card had a dinosaur sticker on it. She said it was because I was “the only single one left” and wouldn't mind. So I sat down. The kids were great. We built a napkin tower and judged every speech. By dessert, half the adults wanted to switch tables. The bride came over and asked to join us. The photo of her in the kids' chair is on her fridge now. Have you been seated like this? Comment below.","Swap the reason: single to youngest, or new to the family.","Swap the event: wedding to a holiday dinner or a reunion.","Change the ending: you give a speech from the kids' table.","Have you been seated like this? Comment below.","Thirty-one years old. My name card had a dinosaur.","“The only single one left,” my aunt explained.","By dessert, the bride was sitting at our table.","My Aunt Put Me at the Kids' Table. I Was 31.","Fictional story: at my cousin's wedding I'm seated with the kids, and it's the best table.","#weddingdrama #familydrama #storytime","Part 2: our napkin-tower scores for every speech.","Kids' table at 31"
"S37","My Boss's Voice Note Wasn't Meant for Us","Workplace",45,96,"My boss's voice note wasn't meant for us.","My boss's voice note wasn't meant for us. It landed in the team chat at nine at night. Forty-two seconds long. Nobody played it at first. Then someone did. It was him, very softly, practicing how to ask for a promotion. He'd been rehearsing for his wife. He kept saying, “I'm worth it,” and then, “No, that sounds arrogant.” The next morning, nobody joked. Instead, we each sent him one thing he'd done for us that year. He printed all twelve messages for his meeting. He got the promotion. Would your team do that? Comment below.","Swap the message: voice note to an email draft or a sticky note.","Swap what he practices: a promotion request to a wedding speech.","Change the ending: the team writes one group letter instead.","Would your team do that? Comment below.","Forty-two seconds of my boss practicing, by accident.","“I'm worth it. No, that sounds arrogant.”","Twelve messages got my boss his promotion.","My Boss Accidentally Sent His Pep Talk to the Team Chat","Fictional story: a voice note meant for my boss's wife lands in our team chat.","#workstories #wholesome #storytime","Part 2: the voice note he sent after the meeting.","Wrong voice note"
"S38","My Neighbor Keeps Leaving Notes on My Car","Roommate & neighbor",45,94,"My neighbor keeps leaving notes on my car.","My neighbor keeps leaving notes on my car. The first one said, “Nice parking.” I was parked perfectly, between the lines. The second said, “Still nice.” The third was a full page about the history of our street. By week three, the notes were essays. Old photos of the neighborhood. Stories about the bakery that closed. So I left a note back: “Who are you?” The next morning, an old man was waiting by my car with coffee. His wife used to park in my spot. Want Part 2 about what he told me?","Swap the place: car to a mailbox or an apartment door.","Swap the notes' topic: street history to recipes or jokes.","Change the ending: the notes stop, and you find out why.","Want Part 2 about what he told me?","“Nice parking,” the note said. Then came essays.","I left one note back: “Who are you?”","An old man waited by my car with coffee.","My Neighbor Kept Leaving Notes on My Car. Then I Met Him","Fictional story: short notes on my car turn into stories about our street's past.","#wholesome #neighborstories #storytime","Part 2: what he told me about his wife.","Another note on my car"
"S39","My Sister Ruined My Birthday Plans on Purpose","Wholesome twist",45,94,"My sister ruined my birthday plans on purpose.","My sister ruined my birthday plans on purpose. She cancelled my dinner reservation, told my friends I was sick, and hid my car keys. I spent the evening furious, alone, eating cereal and planning exactly what I'd say to her. At nine, she knocked and said, “Get in the car.” She'd found my keys in her own pocket, somehow. She drove me to our old school gym. Every friend I'd ever had, from first grade on, was inside. She'd been planning it for a year. Would you forgive her for the cereal? Comment below.","Swap the planner: sister to a partner, a parent or a roommate.","Swap the place: school gym to a park, a rooftop or a diner.","Change the ending: the surprise goes wrong in a funny way.","Would you forgive her for the cereal? Comment below.","She cancelled my birthday dinner and hid my keys.","I spent my birthday eating cereal. Furious.","Every friend I'd ever had was in that gym.","My Sister Ruined My Birthday. Then She Said, Get in the Car","Fictional story: my sister sabotages my birthday plans, and I find out why.","#wholesome #sisters #storytime","Part 2: how she found all those friends.","She ruined my birthday"
"S40","My Elevator Stops at a Floor That Isn't There","Unsettling / mystery",45,98,"My elevator stops at a floor that doesn't exist.","My elevator stops at a floor that doesn't exist. The building has six floors. The buttons go to six. Sometimes, between four and five, it stops. The doors open to a hallway with green carpet. Our building has grey carpet on every floor. I asked the building manager. He went pale and said the last renovation removed a floor in the eighties. Last night it stopped there again. A door at the end of the hallway was open. The light inside was on. I've started taking the stairs. Should I ride it one more time? Tell me below.","Swap the place: elevator to a stairwell or a train stop.","Swap the detail: green carpet to old wallpaper or a smell of bread.","Change the ending: someone in the hallway waves.","Should I ride it one more time? Tell me below.","Between four and five, my elevator sometimes stops.","The doors opened on green carpet. Ours is grey.","The manager went pale. That floor was removed.","My Elevator Stops at a Floor That Was Removed","Fictional story: my building's elevator stops at a floor that shouldn't exist.","#creepystory #mystery #storytime","Part 2: I ride it one more time.","A floor that isn't there"
"S41","Was I Wrong to Be Honest in My Wedding Toast?","AITA / judgment",60,121,"Was I wrong to be honest in my toast?","Was I wrong to be honest in my toast? My best friend Jules got married last month. I was the maid of honor. Her fiancé, Marco, had cancelled on her twice before. Both times, I was the one she called. So in my speech, I said, “Marco, she waited for you. Make sure she never has to wait again.” The room went quiet. Marco's mom stood up and walked out. Jules stared at her plate. Afterwards, Marco found me by the cake. He said I was right, and thanked me for saying it. Jules hasn't spoken to me since. She says it was her day, not my moment. I meant it kindly. So, was I wrong? Tell me in the comments.","Swap the speaker: maid of honor to best man or a sibling.","Swap the truth: cancelled twice to forgot her birthday or lost the ring.","Change the ending: Jules calls a year later to say thank you.","So, was I wrong? Tell me in the comments.","“Make sure she never has to wait again.”","His mom walked out during my wedding toast.","The groom thanked me. The bride hasn't since.","My Honest Maid of Honor Toast Cost Me My Best Friend","Fictional story: as maid of honor, I mention the groom's past cancellations in my toast.","#aita #weddingdrama #storytime","Part 2: the message from Jules a year later.","The honest toast"
"S42","He Took Credit for My Idea, So I Gave Him Another One","Petty revenge",60,130,"My coworker took credit for my idea. Again.","My coworker took credit for my idea. Again. Third time this year. I'd mention something at lunch, and he'd pitch it at the Friday meeting. So one lunch, I “accidentally” mentioned my best idea yet. A weekly team breakfast, paid by the presenter. I said the person who proposes it should cover the first month, to show leadership. He nodded, very slowly. Friday came. He stood up and pitched it word for word. Our director loved it. Everyone clapped. Then the director said, “Great, you'll cover the first month, like you said.” He looked at me. I smiled and asked if he could get the good bagels, the ones with seeds. He bought them every week. He stopped stealing my ideas after that month. Was that too petty? Comment below.","Swap the bait idea: breakfast to a charity run or a team trip.","Swap the setting: office to a club, a class or a volunteer group.","Change the ending: the director figures it out and credits you.","Was that too petty? Comment below.","He stole my ideas. So I fed him one.","My idea-stealing coworker paid for breakfast for a month.","“You'll cover the first month,” our director said. Perfect.","He Kept Stealing My Ideas, So I Gave Him an Expensive One","Fictional story: a coworker who pitches my ideas pitches one with a costly catch.","#pettyrevenge #workstories #storytime","Part 2: the bagel order he tried to cancel.","Take credit for THIS"
"S43","A Stranger Said My Rescue Dog Was His","Entitled people",60,127,"A stranger said my rescue dog was his.","A stranger said my rescue dog was his. We were at the park. He grabbed Biscuit's leash and said, “Thanks for finding him.” I'd adopted Biscuit two years ago from a shelter. I have the papers, the vet records, everything. He said his dog went missing last spring. Same color, same size. He wanted Biscuit back right now. I said, “Call his name, then.” He called, “Max! Max!” Biscuit sat down and looked at me. Then I said, “Biscuit, paw.” Biscuit lifted his paw. Then spin. Then lie down. A small crowd was watching. The man let go and mumbled that all dogs look alike. A kid in the crowd said, “No they don't.” Biscuit got extra treats that day. What would you have done? Comment below.","Swap the pet: dog to a cat in a carrier or a parrot.","Swap the proof: tricks to a microchip scan or a collar tag.","Change the ending: his real dog shows up and looks nothing alike.","What would you have done? Comment below.","“Max! Max!” he called. My dog didn't move.","A stranger grabbed my dog's leash and thanked me.","Biscuit proved who he belongs to. With tricks.","A Stranger Claimed My Rescue Dog. My Dog Settled It.","Fictional story: a man at the park says my rescue dog is his missing pet.","#dogstories #entitledpeople #storytime","Part 2: the day his real dog turned up.","“That's my dog”"
"S44","My Grandma Left Me One Thing: a Locked Box","Family & wedding",60,130,"My grandma left me one thing: a locked box.","My grandma left me one thing: a locked box. My cousins got her house, her car and her jewelry. I got a small tin box with no key. They laughed at the reading. One of them said, “Guess she knew who her favorites were.” I kept it on my desk for a year. Then one night, I found an old key taped under her recipe book. Inside the box were thirty letters. One for every birthday of mine, each written the night before. Each one said what she'd been proud of that year. Some were about tiny things, like how I tied my shoes. The last letter said, “The house was just walls. This was always yours.” My cousins asked to read them. Should I let them? Tell me below.","Swap the relative: grandma to grandpa or a great-aunt.","Swap the contents: letters to photos, recipes or voice recordings.","Change the ending: you read one letter at the next family dinner.","Should I let them? Tell me below.","They got the house. I got a locked tin.","The key was taped under Grandma's recipe book.","Thirty letters, one for every birthday of mine.","My Grandma Left Me a Locked Box. My Cousins Laughed.","Fictional story: my cousins inherit the house, and I get a small box with no key.","#familydrama #wholesome #storytime","Part 2: the letter I read at the family dinner.","The locked box"
"S45","Our Company Gave Us Pizza Instead of Raises","Workplace",60,130,"Our company gave us pizza instead of raises.","Our company gave us pizza instead of raises. Record year, they said. Thank you for your hard work. Here are four large pizzas for forty people. I did the math on a napkin. Each of us got about half a slice of appreciation. So I made a small chart. Our output, our hours, and the pizza, all on one page. Very polite. I didn't send it to anyone. I just left it in the break room, next to the empty boxes. By the afternoon, someone had added a column. By the next morning, the whole team had signed it. Two weeks later, the director announced a review of all salaries. He never mentioned the chart. We got the raises. And more pizza. Would you have left the chart? Comment below.","Swap the reward: pizza to a mug, a cake or a fruit basket.","Swap the protest: chart to a thank-you card signed by everyone.","Change the ending: management frames the chart in the lobby.","Would you have left the chart? Comment below.","Four pizzas for forty people. That was our raise.","I left one chart in the break room.","Half a slice each. I did the math.","Pizza Instead of Raises? I Left One Chart in the Break Room","Fictional story: after a record year, management thanks forty of us with four pizzas.","#workstories #officelife #storytime","Part 2: what the salary review actually found.","Pizza instead of raises"
"S46","My Roommate Started Charging Me to Use the Couch","Roommate & neighbor",60,132,"My roommate started charging me to use the couch.","My roommate started charging me to use the couch. Her couch, technically. She brought it when we moved in. I brought the TV and the rug. One evening she handed me a printed price list. Hourly rates. Weekend rates. Movie nights cost extra. I read it twice and said okay. Then I went to my room and printed my own list. TV viewing, per hour. Rug walking, per crossing. Table use, per plate. I stuck it on the fridge. She laughed at first. Then she tried to walk to the kitchen without touching the rug. She had to jump. By the end of the week, we agreed everything in the living room was free. For both of us. We still keep the price lists on the fridge. Who won? Tell me below.","Swap the item: couch to a car, a coffee machine or the Wi-Fi.","Swap your counter-list: rug and TV to plants or pots and pans.","Change the ending: you both start charging guests as a joke.","Who won? Tell me below.","She handed me a price list. For her couch.","Rug walking, per crossing. My counter-offer.","My roommate had to jump over my rug.","She Charged Me for Her Couch, So I Charged for My Rug","Fictional story: my roommate prices her couch by the hour, so I price my rug and TV.","#roommatestories #pettyrevenge #storytime","Part 2: the night we started charging guests.","Rent… for the couch?"
"S47","My Delivery Driver Kept Leaving Notes on My Packages","Wholesome twist",60,130,"My delivery driver kept leaving notes on my packages.","My delivery driver kept leaving notes on my packages. Little drawings on the boxes. A sun. A cat. Once, a tiny dragon guarding the address label. I'd just moved to a new city and didn't know anyone. Those drawings were the best part of my week. So I left a note on my door: “Thank you for the dragon.” With a granola bar taped under it. The next box had a drawing of the dragon eating a granola bar. And a phone number. Her name is Rosa. She paints murals on weekends and was looking for someone to help fill in colors. Last Saturday, we finished a wall at the children's library. There's a small dragon in the corner. Want Part 2 about how we met in person? Comment below.","Swap the art: drawings to jokes, riddles or one-word poems.","Swap the thank-you: granola bar to cookies or a cold drink.","Change the ending: the notes stop, and you find out why.","Want Part 2 about how we met in person? Comment below.","My packages kept arriving with tiny dragon drawings.","I left the driver a granola bar. She replied.","A doodle and a phone number on my box.","My Delivery Driver Drew on Every Package. I Left a Note.","Fictional story: doodles on my packages in a new city lead to a weekend mural project.","#wholesome #newcity #storytime","Part 2: how we met in person.","Notes on every package"
"S48","My Babysitter Asked About the Other Kid","Unsettling / mystery",60,127,"My babysitter asked about the other kid.","My babysitter asked about the other kid. We have one son. He's six. The babysitter texted me during dinner: “Who's the girl upstairs?” I called her right away. She said a girl in a yellow raincoat had waved from the top of the stairs. We rushed home. Our son was asleep. The house was quiet. No girl, no raincoat, nothing on the camera. The next week, I found a drawing in his backpack. Our house, and two kids in the upstairs window. One of them wore yellow. I asked who she was. He said, “She lived here first. She's nice.” The previous owners didn't answer my message. The house history only says it was built in 1952. Should I keep digging, or leave it alone? Comment below.","Swap the clue: yellow raincoat to a red scarf or muddy boots.","Swap the witness: babysitter to a grandparent or a dog walker.","Change the ending: the previous owners finally reply.","Should I keep digging, or leave it alone? Comment below.","“Who's the girl upstairs?” We only have a son.","A girl in a yellow raincoat waved. Nobody's there.","My son drew two kids in our upstairs window.","Our Babysitter Asked Who the Other Kid Was. We Have One.","Fictional story: the babysitter texts about a girl upstairs. We only have a son.","#creepystory #mystery #storytime","Part 2: the previous owners finally write back.","“Who's the other kid?”"
"S49","Am I Wrong for Asking Guests to Pay?","AITA / judgment",60,127,"Am I wrong for asking guests to pay?","Am I wrong for asking guests to pay? I turned thirty and invited twelve friends to a nice restaurant. The invite said, “Pay for yourself.” Everyone agreed. Until the bill came. Then my friend Talia said the birthday person usually covers everything. I said that's not how I planned it. She said I should have planned better, and handed me her receipt. Two others did the same. I paid my part and theirs, because I didn't want a scene. The next day I sent a polite message to the group with the exact amounts. Three people paid me back. Talia left the group chat. She says I humiliated her in public by sending a message. Should I have just let it go? Tell me in the comments.","Swap the event: birthday to a farewell, a graduation or a game night.","Swap who refuses: friend to a cousin or a coworker.","Change the ending: Talia pays you back with a funny apology.","Should I have just let it go? Tell me in the comments.","The invite said pay for yourself. Talia didn't.","She handed me her receipt at my own birthday.","One polite group message, and Talia left the chat.","My Friend Made Me Pay for Her Dinner at My Birthday","Fictional story: my pay-for-yourself birthday dinner ends with three receipts in my hand.","#aita #birthdaydrama #storytime","Part 2: the message Talia finally sent.","Pay for your own dinner?"
"S50","My Neighbor Blew Leaves Onto My Lawn. I Kept Every Leaf.","Petty revenge",60,124,"My neighbor blew his leaves onto my lawn.","My neighbor blew his leaves onto my lawn. Every Saturday, all autumn. His lawn spotless, mine buried. He'd wave at me while he did it. I asked him nicely to stop. He said the wind does what it wants. So I raked every leaf into bags. Forty bags by November. I stacked them in my garage and waited. In spring, he hired a landscaper for a big garden party. Fresh soil, new flower beds, the whole thing. The night before, a strong wind came through. I opened my garage and let the wind do what it wants. I'm kidding. I donated them to the community garden as compost. They grew prize tomatoes. He asked for some tomatoes. Should I give him any? Comment below.","Swap the mess: leaves to snow, grass clippings or pine needles.","Swap the payoff: compost to a leaf sculpture on his porch.","Change the ending: you actually release the leaves. Your call.","Should I give him any? Comment below.","Forty bags of his leaves. I saved every one.","“The wind does what it wants,” he said. Noted.","He blew his leaves onto my lawn. And waved.","My Neighbor Blew His Leaves on My Lawn. I Saved Them All.","Fictional story: my neighbor blows his leaves onto my lawn all autumn, so I bag them.","#pettyrevenge #neighborstories #storytime","Part 2: whether he got any tomatoes.","I kept every leaf"
"S51","A Customer Screamed at Me for Closing on Time","Entitled people",60,129,"A customer screamed at me for closing on time.","A customer screamed at me for closing on time. I work at a small bookshop. We close at eight. It's on the door, the website, everywhere. At eight, I flipped the sign. A woman pushed the door open and said, “I'm not done browsing.” I said she was welcome to finish while I counted the register. She browsed for forty more minutes. Then she brought one bookmark to the counter. I'd already closed the register, so I offered it as a gift. She said that was insulting and demanded to pay. I reopened the register. It took ten minutes. She left a one-star review saying we close too early. The owner printed it and framed it. It hangs above the door now. Would you have stayed open? Comment below.","Swap the shop: bookshop to a bakery, a pharmacy or a café.","Swap the item: bookmark to a single candy or a postcard.","Change the ending: she comes back and apologizes with cookies.","Would you have stayed open? Comment below.","We close at eight. She browsed until eight forty.","Forty extra minutes for one bookmark.","Her one-star review is framed above our door.","A Customer Yelled at Me for Closing on Time","Fictional story: a customer at a small bookshop refuses to leave at closing time.","#retailstories #entitledpeople #storytime","Part 2: the day she came back.","Closed is closed"
"S52","My Stepdad's Wedding Speech Was About Himself","Family & wedding",60,126,"My stepdad gave a speech at my wedding.","My stepdad gave a speech at my wedding. He wasn't on the schedule. He just stood up during dessert and tapped his glass. It started sweet. Then it became a story about his fishing trips, his promotion, and his knee surgery. Eleven minutes in, the band leader looked at me. My new wife squeezed my hand under the table. Then he said, “And when I met this kid's mom, he was eight, and he hated me.” The room went quiet. “He still let me teach him to fish. And today, he caught someone way out of his league.” Everyone laughed. I cried a little. It was the best eleven minutes of the night. Okay, twelve. Should I post Part 2 about his fishing trips? Comment below.","Swap the speaker: stepdad to an uncle or a grandma.","Swap the ramble topic: fishing to golf, cars or his cooking.","Change the ending: the speech stays awkward, and you love him anyway.","Should I post Part 2 about his fishing trips? Comment below.","Eleven minutes about fishing. Then he got me crying.","He wasn't on the schedule. He tapped his glass.","“He was eight, and he hated me,” he said.","My Stepdad Hijacked My Wedding for an 11-Minute Speech","Fictional story: my stepdad's unplanned wedding speech rambles, then lands.","#weddingdrama #stepdad #storytime","Part 2: the fishing trip he was talking about.","His speech. About him."
"S53","My Client Used the Wrong Name for Two Years","Workplace",60,122,"My client used the wrong name for two years.","My client used the wrong name for two years. My name is Nadia. Every single email from him started with “Hi Natalie.” I corrected him once, early on. He apologized and kept doing it. So I let it go. Two years of “Natalie.” Calls, emails, holiday cards. My team started calling me Natalie as a joke. Then we met in person for the first time, at a conference. He walked over, shook my hand, and froze. My badge said Nadia. He read it three times. Then he said, “Who's Natalie?” I said, “No idea.” He laughed so hard he had to sit down. Then he signed a three-year contract that afternoon. The contract says Natalie. Should I correct it? Tell me below.","Swap the mix-up: name to job title or company name.","Swap the reveal: conference to a video call with cameras on.","Change the ending: you start signing your emails Natalie too.","Should I correct it? Tell me below.","“Hi Natalie.” My name is Nadia. Two years.","He read my name badge three times. Then froze.","Our three-year contract has the wrong name on it.","My Client Called Me the Wrong Name for Two Years","Fictional story: a client calls me Natalie for two years, until we meet in person.","#workstories #clientstories #storytime","Part 2: the first email after the conference.","Wrong name. 2 years."
"S54","Someone Kept Taking My Packages, So I Set a Trap","Roommate & neighbor",60,126,"Someone in my building kept taking my packages.","Someone in my building kept taking my packages. Four in one month. The front desk shrugged. The building camera has been broken since spring. So I ordered a box of my own. Inside, I put a note and a lot of loose glitter. Two days later, the box was gone. That evening, a glittering trail led from the mailroom to the third floor. It stopped at apartment 3C. I knocked. A teenage boy opened the door, sparkling from his eyebrows down. He looked terrified. Then his grandma appeared behind him and asked, very calmly, “What did you do?” He returned all four packages that night. His grandma made him write me an apology. In glitter pen. Was the glitter too much? Tell me in the comments.","Swap the trap: glitter to a bell, confetti or a loud recorded message.","Swap the culprit: a teen to a neighbor or the building manager.","Change the ending: the thief turns out to be a dog.","Was the glitter too much? Tell me in the comments.","A glitter trail led straight to apartment 3C.","Four stolen packages. One box full of glitter.","His grandma opened the door: “What did you do?”","Someone Kept Stealing My Packages, So I Sent Them Glitter","Fictional story: with packages vanishing and the camera broken, I mail myself a glitter box.","#pettyrevenge #packagethief #storytime","Part 2: the apology note, word for word.","The package trap"
"S55","My Strictest Teacher Came to My Graduation","Wholesome twist",60,126,"My strictest teacher came to my graduation.","My strictest teacher came to my graduation. He taught chemistry. He never smiled, never gave extra credit, and once failed me on a quiz. I almost quit school senior year. He was the one who called my mom. I hated him for it. Graduation day, I walked across the stage, and somewhere in the back, someone was holding a giant sign. It said, “I told you so.” My old teacher, in a suit, holding cardboard over his head, not smiling. After the ceremony, he shook my hand and said I had been his most annoying student. And his favorite. I'm a chemistry teacher now. I have a sign in my closet, ready for the right student. Which teacher would you thank? Tell me in the comments.","Swap the subject: chemistry to math, gym or music.","Swap the sign's words: “I told you so” to “Worth it” or your own line.","Change the ending: you hold up a sign at his retirement.","Which teacher would you thank? Tell me in the comments.","“I told you so,” said his cardboard sign.","He failed me once. He also saved my diploma.","I hated him for calling my mom. Then graduation.","My Strictest Teacher Showed Up to My Graduation With a Sign","Fictional story: the chemistry teacher I resented shows up at graduation with a sign.","#wholesome #teacherstories #storytime","Part 2: the student I'm saving my sign for.","He brought a sign"
"S56","A Diary in a Library Book Was Dated Tomorrow","Unsettling / mystery",60,120,"I found a diary inside a library book.","I found a diary inside a library book. A thin notebook tucked into an old travel guide. Handwritten. Every page dated, every day this year. Ordinary stuff. Coffee, rain, a missed bus. Then I noticed the entries matched my week. Exactly. Monday: “Spilled coffee on a white shirt.” I did. Wednesday: “Lost a glove on the train.” I did. The last entry was dated tomorrow. It said, “Return the book before noon. Don't read the last page.” There's no last page. It's been torn out. Just a strip of paper left near the spine. The library opens at ten. I'm returning it first thing. The librarian doesn't know me yet. Should I check out the book again? Part 2 tomorrow?","Swap the book: travel guide to a cookbook or an old atlas.","Swap the small events: coffee and glove to an umbrella and a song.","Change the ending: the librarian hands you the missing page.","Should I check out the book again? Part 2 tomorrow?","The diary predicted my coffee stain. And my glove.","The last entry is dated tomorrow.","“Don't read the last page.” It's torn out.","I Found a Diary in a Library Book Dated Tomorrow","Fictional story: a diary tucked in a library book describes my week before it happens.","#creepystory #mystery #storytime","Part 2: what the librarian said.","Dated tomorrow"
"S57","Was I Wrong to Cancel the Trip I Planned and Paid For?","AITA / judgment",60,118,"Was I wrong to cancel the trip I planned?","Was I wrong to cancel the trip I planned? Six friends, one cabin, three nights. I booked it, paid the deposit, and made the schedule. Everyone said they'd pay me back by the end of the month. The month ended. Nobody paid. I sent a reminder. Two people sent laughing emojis. One said, “Relax, it's just a trip.” A week before the trip, I still had zero payments. So I cancelled the booking and got my deposit back. Then everyone was upset. They'd already taken time off. One friend said I ruined the summer. Two days later, they booked the same cabin themselves. Without me. And posted photos. I'm honestly not sure anymore. Was I wrong? Comment below.","Swap the trip: cabin to a beach house, a concert or a camping weekend.","Swap the group: friends to cousins or coworkers.","Change the ending: one friend pays and invites you on the new trip.","Was I wrong? Comment below.","Six friends. One cabin. Zero payments. So I cancelled.","“Relax, it's just a trip.” So I cancelled it.","They rebooked my cabin. Without me.","Nobody Paid Me Back, So I Cancelled the Group Trip","Fictional story: I book and pay for a group cabin trip, and nobody pays me back.","#aita #friendshipdrama #storytime","Part 2: the photos they posted, and who messaged me.","I canceled the trip"
"S58","My Boss Said to Follow My Job Description. So I Did.","Petty revenge",60,129,"My boss told me to follow my job description.","My boss told me to follow my job description. Exactly. Word for word. He'd caught me helping another team and said it was “not my job.” So I printed my job description and taped it to my monitor. Eleven bullet points. I did those eleven things. I stopped fixing the printer. I stopped updating the shared calendar. I stopped training every new hire on the software. None of that was on my list. Within two weeks, the printer jammed, meetings collided, and the new hires were lost. My boss called me in, frustrated. I pointed at my monitor and asked which bullet point he meant. He rewrote my job description that afternoon. With a new title and a raise attached. Was that malicious compliance or fair? Tell me below.","Swap the extra tasks: printer and calendar to keys, coffee or reports.","Swap the setting: office to a restaurant, a school or a warehouse.","Change the ending: your boss refuses, and you change jobs.","Was that malicious compliance or fair? Tell me below.","Eleven bullet points. I did exactly those.","I stopped fixing the printer. Chaos followed.","“Which bullet point?” I asked my boss.","My Boss Said Stick to My Job Description. So I Did.","Fictional story: told to do only my job, I stop every extra task for two weeks.","#maliciouscompliance #workstories #storytime","Part 2: what's on my new job description.","Job description only"
"S59","My Cousin Invited Herself on My Honeymoon","Entitled people",60,133,"My cousin invited herself on my honeymoon.","My cousin invited herself on my honeymoon. She found out where we were going and booked the same hotel. Same week. Then told us. She said, “It'll be fun, I won't be in the way.” She was in the way by breakfast on day one. She sat at our table. She joined our boat tour. She asked the waiter to bring a third dessert spoon. Then she complained to the front desk that her room was smaller than ours. Ours was the honeymoon suite. On day three, my husband quietly asked the hotel to move us to their sister property across the island. She spent the rest of the week sending us photos of empty chairs with sad faces. She wants to come on our anniversary trip. What should I say? Comment below.","Swap who tags along: cousin to a mother-in-law or a best friend.","Swap the trip: honeymoon to a babymoon or an anniversary trip.","Change the ending: she meets someone there and leaves you alone.","What should I say? Comment below.","She booked our honeymoon hotel. Then told us.","Three dessert spoons. On our honeymoon.","Her complaint: her room was smaller than our suite.","My Cousin Booked the Same Hotel for My Honeymoon","Fictional story: my cousin books our honeymoon hotel for the same week.","#weddingdrama #familydrama #storytime","Part 2: what I told her about the anniversary trip.","Honeymoon for three?"
"S60","My Sister Uninvited Me From Her Wedding by Text","Family & wedding",60,139,"My sister uninvited me from her wedding by text.","My sister uninvited me from her wedding by text. Two hours before the ceremony. The reason? My dress was “too close to white.” It was pale blue. I'd sent her a photo a month earlier. She replied with a heart emoji. I still have the screenshot. So I stayed home, ordered takeout, and texted the whole family that photo with her heart underneath it. No caption. Within ten minutes, Mom called. Then my aunt. Then the groom, who apparently had no idea I'd been uninvited at all. He drove over still in his suit. He said, “Get dressed. You're sitting in the front row, next to my mom.” I went. My sister didn't speak to me all night. His mom asked where I bought my dress. So, was I wrong to send the screenshot? Tell me in the comments.","Swap the relationship: sister to a best friend, a cousin or a future sister-in-law.","Swap the reason: dress color to a plus-one, a haircut or a joke in the group chat.","Swap the rescuer: the groom to the bride's dad, or nobody (you stay home and post the photo).","So, was I wrong to send the screenshot? Tell me in the comments.","Two hours before her wedding, my sister uninvited me.","“Too close to white,” she said. It was blue.","The groom picked me up. Still in his suit.","My Sister Uninvited Me From Her Wedding by Text","Fictional story: my sister uninvites me two hours before her wedding over a pale blue dress.","#weddingdrama #sisters #storytime","Part 2: what my sister said the next morning.","Uninvited. By text."
