"hook_id","hook_type","theme","hook_text","word_count"
"H001","Myth vs reality","Turning-point days","You were taught Napoleon was tiny. He was average height for his time.",13
"H002","Myth vs reality","Medieval life","Medieval people didn’t think the Earth was flat. Educated Europeans knew it was round.",14
"H003","Myth vs reality","Medieval life","Vikings never wore horned helmets. Blame an 1876 opera.",9
"H004","Myth vs reality","Exploration & navigation","Columbus didn’t prove the Earth was round. Nobody serious doubted it.",11
"H005","Myth vs reality","Everyday life in the past","Medieval people drank water too. The “only beer” story is a myth.",12
"H006","Myth vs reality","Turning-point days","Marie Antoinette probably never said ‘Let them eat cake.’",9
"H007","Myth vs reality","Ancient world","The Great Wall isn’t visible from the Moon with the naked eye.",12
"H008","Myth vs reality","Ancient world","Gladiator fights didn’t always end in death. Many fighters walked away.",11
"H009","Myth vs reality","Turning-point days","Paul Revere never shouted ‘The British are coming!’",8
"H010","Myth vs reality","Inventions & science history","Thomas Edison didn’t invent the light bulb. He improved it.",10
"H011","Myth vs reality","Ancient world","Ancient Greek statues weren’t plain white. Many were brightly painted.",10
"H012","Myth vs reality","Ancient world","You think Cleopatra was Egyptian. Her family was Macedonian Greek.",10
"H013","Myth vs reality","Odd laws & customs","Franklin never proposed the turkey as national bird. He praised it in a letter.",14
"H014","Myth vs reality","Medieval life","Knights didn’t need cranes to climb onto their horses.",9
"H015","Myth vs reality","Exploration & navigation","Magellan didn’t sail around the world. He died before the voyage ended.",12
"H016","This date","Turning-point days","On December 17, 1903, a powered plane flew for twelve seconds.",11
"H017","This date","Inventions & science history","On May 24, 1844, a message crossed forty miles in an instant.",12
"H018","This date","Turning-point days","On September 2, 1666, a London bakery fire began. It burned four days.",13
"H019","This date","Turning-point days","On September 2, 1752, Britons went to bed and woke up on the 14th.",14
"H020","This date","Turning-point days","On October 4, 1957, a metal ball started beeping from orbit.",11
"H021","This date","Turning-point days","On November 9, 1989, a border opened that had split a city for decades.",14
"H022","This date","Turning-point days","On May 10, 1869, a golden spike finished the first transcontinental railroad.",12
"H023","This date","Ancient world","In July 1799, soldiers in Egypt found the stone that unlocked hieroglyphs.",12
"H024","This date","Exploration & navigation","On August 3, 1492, three ships left Spain. Nobody aboard expected America.",12
"H025","This date","Medieval life","On June 15, 1215, a king agreed to rules he didn’t plan to keep.",14
"H026","This date","Inventions & science history","On November 8, 1895, a German lab screen glowed when it shouldn’t have.",13
"H027","This date","Everyday life in the past","On January 10, 1863, London’s first underground trains carried passengers.",10
"H028","This date","Everyday life in the past","On May 6, 1840, the world’s first postage stamp became valid.",11
"H029","This date","Turning-point days","On October 4, 1582, parts of Europe went to bed. Tomorrow was October 15.",14
"H030","This date","Exploration & navigation","On December 14, 1911, a team reached the South Pole first.",11
"H031","Day in the life","Everyday life in the past","If you were a knocker-upper in 1900, your job was waking people up.",13
"H032","Day in the life","Medieval life","If you were a medieval scribe, one book could take you months.",12
"H033","Day in the life","Ancient world","If you were a Roman soldier, you also had to be a builder.",13
"H034","Day in the life","Exploration & navigation","If you were a sailor in the 1700s, lemons could save your life.",13
"H035","Day in the life","Everyday life in the past","If you were a lamplighter in 1850, you lit a whole street by hand.",14
"H036","Day in the life","Ancient world","If you built pyramids in Egypt, your wages included bread and beer.",12
"H037","Day in the life","Inventions & science history","If you were a telegraph operator in 1870, you could hear words in clicks.",14
"H038","Day in the life","Medieval life","If you were a medieval peasant, church feast days gave you days off.",13
"H039","Day in the life","Everyday life in the past","If you were a Victorian kitchen dog, your job was turning the roast.",13
"H040","Day in the life","Exploration & navigation","If you were a ship’s navigator in 1600, longitude was mostly estimation.",12
"H041","Day in the life","Everyday life in the past","If you were a Roman shopper, lunch came from a street counter.",11
"H042","Day in the life","Odd laws & customs","If you were a Tudor-era Londoner, the law said what fabric you could wear.",14
"H043","Day in the life","Everyday life in the past","If you were an ice cutter in 1850, winter was your harvest season.",13
"H044","Day in the life","Exploration & navigation","If you were a lighthouse keeper in 1880, you trimmed wicks all night.",13
"H045","Day in the life","Everyday life in the past","If you were a London postman in 1900, you delivered several times a day.",14
"H046","Object with a story","Medieval life","This iron helmet from Norway has no horns. That’s the point.",11
"H047","Object with a story","Ancient world","This broken stone slab let people read hieroglyphs again.",9
"H048","Object with a story","Ancient world","This corroded bronze lump from a shipwreck turned out to be a gear machine.",14
"H049","Object with a story","Inventions & science history","This blurry rooftop view is the oldest surviving camera photograph.",10
"H050","Object with a story","Lost & unsolved","This book has been studied for a century. Nobody can read it.",12
"H051","Object with a story","Medieval life","These chess pieces were carved from walrus ivory and found on a Scottish island.",14
"H052","Object with a story","Exploration & navigation","This clock solved a problem that sank ships for centuries.",10
"H053","Object with a story","Everyday life in the past","This tiny black stamp changed how the whole world sends letters.",11
"H054","Object with a story","Turning-point days","This golden spike was driven in, then pulled straight back out.",11
"H055","Object with a story","Inventions & science history","This X-ray of a hand shocked the world in 1896.",10
"H056","Object with a story","Lost & unsolved","This one carved word is nearly all the Roanoke colonists left behind.",12
"H057","Object with a story","Exploration & navigation","This old map shows California as an island. Mapmakers copied it for decades.",13
"H058","Object with a story","Ancient world","This Roman dome has stood for nearly 1,900 years without steel inside.",12
"H059","Object with a story","Medieval life","This Bible was printed with movable metal type around 1455.",10
"H060","Object with a story","Inventions & science history","This tin can came with no can opener. That arrived decades later.",12
"H061","How close it came / near miss","Exploration & navigation","Every man on Shackleton’s Endurance survived after ice crushed the ship.",11
"H062","How close it came / near miss","Medieval life","Magna Carta was cancelled within ten weeks. It survived anyway.",10
"H063","How close it came / near miss","Inventions & science history","Gutenberg printed his famous Bible, then lost his workshop in a lawsuit.",12
"H064","How close it came / near miss","Exploration & navigation","The clockmaker who solved longitude nearly never got paid for it.",11
"H065","How close it came / near miss","Ancient world","The Rosetta Stone was found by French soldiers. Britain ended up with it.",13
"H066","How close it came / near miss","Turning-point days","The Library of Congress burned in 1814. A former president’s books replaced it.",13
"H067","How close it came / near miss","Lost & unsolved","In 1911, the Mona Lisa vanished from the Louvre for over two years.",13
"H068","How close it came / near miss","Turning-point days","In 1666, London helped stop a giant fire by blowing up its own houses.",14
"H069","How close it came / near miss","Inventions & science history","The Wright Flyer first flew in America but spent twenty years in London.",13
"H070","How close it came / near miss","Ancient world","The ancient gear machine sat in a museum for months before anyone noticed.",13
"H071","How close it came / near miss","Lost & unsolved","The supply ship for Roanoke arrived three years late. Everyone was gone.",12
"H072","How close it came / near miss","Exploration & navigation","Five ships left Spain in 1519. Only one sailed all the way around.",13
"H073","How close it came / near miss","Medieval life","In the 1790s, the Bayeux Tapestry was reportedly almost used as a wagon cover.",14
"H074","How close it came / near miss","Inventions & science history","The first big telegraph line was meant to run underground. The buried wire failed.",14
"H075","How close it came / near miss","Exploration & navigation","The Lewis and Clark expedition lost only one man, most likely to appendicitis.",13
"H076","Then vs now","Everyday life in the past","In 1830, the person receiving a letter in Britain usually paid for it.",13
"H077","Then vs now","Everyday life in the past","In 1840, many British towns kept their own local time.",10
"H078","Then vs now","Everyday life in the past","In 1820, summer ice was a luxury cut from frozen New England ponds.",13
"H079","Then vs now","Odd laws & customs","In 1865, British law limited steam road vehicles to four miles an hour.",13
"H080","Then vs now","Medieval life","In 1400, almost every book in Europe was copied by hand.",11
"H081","Then vs now","Exploration & navigation","In 1700, sailors couldn’t reliably tell how far east or west they were.",13
"H082","Then vs now","Inventions & science history","In 1894, nobody had ever seen inside a living body without surgery.",12
"H083","Then vs now","Odd laws & customs","In 1700, a Londoner might pay a tax on how many windows they had.",14
"H084","Then vs now","Turning-point days","In 1850, London’s sewage flowed straight into the river people drank from.",12
"H085","Then vs now","Everyday life in the past","In 79 AD, many Pompeii residents grabbed hot food from street counters.",12
"H086","Then vs now","Odd laws & customs","In 1750, England’s legal year still began on March 25.",10
"H087","Then vs now","Exploration & navigation","In 1900, nobody had ever stood at the South Pole.",10
"H088","Then vs now","Inventions & science history","In 1890, nobody had ever flown in a powered, controlled airplane.",11
"H089","Then vs now","Odd laws & customs","In 1314, playing football in London’s streets could get you jailed.",11
"H090","Then vs now","Inventions & science history","In 1950, nothing made by humans had ever orbited Earth.",10
"H091","Forgotten event","Lost & unsolved","Before the Mayflower, an English colony vanished from the map.",10
"H092","Forgotten event","Turning-point days","In 1858, the Thames smelled so bad Parliament worked behind chemical-soaked curtains.",12
"H093","Forgotten event","Exploration & navigation","In the 1400s, Chinese fleets reached East Africa, decades before Columbus sailed.",12
"H094","Forgotten event","Turning-point days","In 1883, a volcano’s blast was heard almost 3,000 miles away.",11
"H095","Forgotten event","Turning-point days","In 1816, Europe and North America had a ‘year without a summer.’",12
"H096","Forgotten event","Everyday life in the past","In 1814, a flood of beer swept through a London street.",11
"H097","Forgotten event","Odd laws & customs","Pigs and other animals were once put on trial in European courts.",12
"H098","Forgotten event","Inventions & science history","In 1859, telegraph wires sparked during a giant solar storm.",10
"H099","Forgotten event","Exploration & navigation","In the 1560s, Spanish galleons began crossing the Pacific with silver each year.",13
"H100","Forgotten event","Ancient world","Roman engineers built tens of thousands of miles of paved roads.",11
"H101","Forgotten event","Everyday life in the past","Turnspit dogs once ran in wheels to roast meat in British kitchens.",12
"H102","Forgotten event","Inventions & science history","In 1783, a sheep, a duck and a rooster flew in a hot-air balloon.",14
"H103","Forgotten event","Exploration & navigation","A Viking settlement in Canada sat forgotten until the 1960s.",10
"H104","Forgotten event","Medieval life","Medieval London had a bridge lined with houses and shops.",10
"H105","Forgotten event","Ancient world","Around 1259 BC, Egypt and the Hittites signed a written peace treaty.",12
"H106","Number shock","Ancient world","Cleopatra lived closer to the Moon landing than to the Great Pyramid’s construction.",13
"H107","Number shock","Medieval life","Cologne Cathedral took over 600 years to finish.",8
"H108","Number shock","Exploration & navigation","About 18 of roughly 270 men finished the first voyage around the world.",13
"H109","Number shock","Inventions & science history","The first photograph needed an exposure of many hours, maybe days.",11
"H110","Number shock","Odd laws & customs","Britain’s window tax lasted 155 years.",6
"H111","Number shock","Turning-point days","The first powered flight covered 120 feet, less than a jumbo jet’s wingspan.",13
"H112","Number shock","Ancient world","The Pantheon’s dome is about 43 meters across, and it’s unreinforced concrete.",12
"H113","Number shock","Turning-point days","Sputnik circled Earth about once every 96 minutes.",8
"H114","Number shock","Medieval life","Gutenberg printed about 180 Bibles. Fewer than 50 survive today.",10
"H115","Number shock","Ancient world","Measured with all its branches, the Great Wall runs over 13,000 miles.",12
"H116","Number shock","Lost & unsolved","Roanoke’s colonists numbered about 115. None were ever found.",9
"H117","Number shock","Lost & unsolved","The Voynich manuscript has about 240 pages nobody can read.",10
"H118","Number shock","Exploration & navigation","Zheng He’s first fleet reportedly carried around 27,000 people.",9
"H119","Number shock","Ancient world","Ancient Rome’s Colosseum could seat about 50,000 people.",8
"H120","Number shock","Exploration & navigation","On an 81-day voyage to Jamaica, Harrison’s watch lost about five seconds.",12
"H121","Strange-but-true law or custom","Odd laws & customs","Russian men once paid a tax to keep their beards.",10
"H122","Strange-but-true law or custom","Odd laws & customs","England’s Tudor laws decided who could wear purple silk.",9
"H123","Strange-but-true law or custom","Odd laws & customs","In 1386, a French town reportedly dressed a pig in clothes for its trial.",14
"H124","Strange-but-true law or custom","Ancient world","Roman laundries collected urine on purpose, and the emperor taxed it.",11
"H125","Strange-but-true law or custom","Odd laws & customs","England’s kings banned football so men would practice archery instead.",10
"H126","Strange-but-true law or custom","Odd laws & customs","British drivers once needed someone walking ahead waving a red flag.",11
"H127","Strange-but-true law or custom","Odd laws & customs","In 1795, Britain made anyone using hair powder buy a yearly certificate.",12
"H128","Strange-but-true law or custom","Medieval life","In 1266, English law tied the weight of a loaf to grain prices.",13
"H129","Strange-but-true law or custom","Ancient world","During Saturnalia, Roman masters sometimes served dinner to the people they enslaved.",12
"H130","Strange-but-true law or custom","Odd laws & customs","Some medieval church courts heard cases against insects that ate crops.",11
"H131","Strange-but-true law or custom","Everyday life in the past","In Victorian Britain, widows were expected to wear mourning clothes for about two years.",14
"H132","Strange-but-true law or custom","Odd laws & customs","Tudor England fined people for not going to church.",9
"H133","Strange-but-true law or custom","Ancient world","Ancient Athens could vote to banish a citizen for ten years, no crime needed.",14
"H134","Strange-but-true law or custom","Odd laws & customs","In Edo-period Japan, only samurai could legally wear two swords.",10
"H135","Strange-but-true law or custom","Medieval life","A 1336 English law limited most people’s meals to two courses.",11
"H136","Unsolved or lost","Lost & unsolved","An entire English colony disappeared, leaving one word carved on a post.",12
"H137","Unsolved or lost","Lost & unsolved","Thousands of Indus Valley seals survive. Nobody can read a single one.",12
"H138","Unsolved or lost","Lost & unsolved","A ship was found sailing with nobody aboard. The crew was never found.",13
"H139","Unsolved or lost","Lost & unsolved","Amelia Earhart’s plane vanished in 1937, and searchers never found it.",11
"H140","Unsolved or lost","Ancient world","A Roman legion vanishes from the records. Nobody knows exactly what happened.",12
"H141","Unsolved or lost","Ancient world","The Library of Alexandria’s lost books: nobody knows how many there were.",12
"H142","Unsolved or lost","Medieval life","One medieval book is written in a script no one has cracked.",12
"H143","Unsolved or lost","Ancient world","Where is Cleopatra buried? Archaeologists still don’t know.",8
"H144","Unsolved or lost","Lost & unsolved","Leonardo’s lost Florence mural may lie behind a later wall. Nobody has proven it.",14
"H145","Unsolved or lost","Lost & unsolved","Genghis Khan’s tomb has never been found.",7
"H146","Unsolved or lost","Lost & unsolved","Shakespeare co-wrote a play called Cardenio. No copy of it survives.",11
"H147","Unsolved or lost","Lost & unsolved","What caused the 1518 dancing plague? Historians still argue about it.",11
"H148","Unsolved or lost","Ancient world","Who built the ancient gear machine found off Antikythera? Nobody knows.",11
"H149","Unsolved or lost","Lost & unsolved","Why did the Maya leave their great southern cities? There’s still no single answer.",14
"H150","Unsolved or lost","Ancient world","The Phaistos Disc’s spiral of symbols has never been deciphered.",10
