"script_id","beat_no","start_s","end_s","voiceover","visual","caption_pause","tone"
"S01",1,0,3,"Cleopatra lived closer to us than to the pyramids.","Ancient coin portrait of Cleopatra, museum open-access photo","Big card: CLOSER TO US","Playful"
"S01",2,3,9,"The Great Pyramid of Giza was finished around 2560 BC. Cleopatra died in 30 BC.","Timeline graphic: pyramid icon at 2560 BC","Highlight “2560 BC”","Clear"
"S01",3,9,16,"That gap is roughly 2,500 years. To her, the pyramids were already ancient monuments.","Timeline stretches; 2,500-year bar fills in","Pause after “ancient”","Amazed"
"S01",4,16,23,"Now count forward. From Cleopatra to the Moon landing in 1969 is about 2,000 years.","Timeline extends to a rocket icon at 1969","New card per number","Building"
"S01",5,23,30,"Egypt’s history is that deep. Which other timeline should I line up next?","Full timeline, three icons, slow zoom out","Hold question 1.5 s","Warm"
"S02",1,0,3,"Medieval people did not think the Earth was flat.","Medieval round-world map (public domain); flat map crossed out","Big card: NOT FLAT","Confident"
"S02",2,3,9,"Scholars like the English monk Bede, around 700, wrote about a round Earth.","Manuscript page photo, museum open-access","Label “Bede, c. 700”","Calm"
"S02",3,9,16,"Medieval kings even held a ball with a cross, a symbol of rule over the world.","Artefact photo: royal orb","Highlight “a ball”","Curious"
"S02",4,16,23,"The flat-Earth story mostly spread in the 1800s, in popular books about Columbus.","Timeline graphic: 700 → 1800s","Pause before “1800s”","Reveal"
"S02",5,23,30,"So the myth is newer than the people it describes. What myth should I check next?","Round world painting, slow zoom","Hold question 1.5 s","Warm"
"S03",1,0,3,"Magellan never actually sailed around the world.","Old map of Magellan’s route (public domain)","Big card: NEVER","Bold"
"S03",2,3,9,"Five ships left Spain in 1519, led by Ferdinand Magellan, heading west.","Map: five ship icons leave Spain","Label “1519”","Steady"
"S03",3,9,16,"In 1521 Magellan was killed in a fight in the Philippines, partway through the trip.","Map pin on the Philippines","Pause after “Philippines”","Serious"
"S03",4,16,23,"Juan Sebastián Elcano took over. In 1522 one ship, the Victoria, reached Spain again.","Map: one ship completes the loop","Highlight “one ship”","Reveal"
"S03",5,23,30,"About eighteen men made it home. Who do you think deserves the credit?","Freeze on full route map","Hold question 1.5 s","Direct"
"S04",1,0,3,"This blurry rooftop view took hours to photograph.","Museum open-access image of the Niépce heliograph","Big card: HOURS","Intrigued"
"S04",2,3,9,"Around 1826, Nicéphore Niépce pointed a camera out of a window in France.","Simple re-creation: window, camera box sketch","Label “c. 1826”","Storyteller"
"S04",3,9,16,"He used a plate coated with bitumen that hardened slowly in sunlight.","Diagram: light hits a coated plate","Pause after “sunlight”","Explaining"
"S04",4,16,23,"The exposure probably took many hours, maybe days. It’s the oldest surviving camera photograph.","Slow zoom on the rooftops","Highlight “oldest surviving”","Amazed"
"S04",5,23,30,"Today that takes a split second. What would you photograph if you had one shot?","Phone camera icon beside the heliograph","Hold question 1.5 s","Warm"
"S05",1,0,3,"Russian men once paid a tax to keep beards.","Artefact photo: bronze beard tax token","Big card: BEARD TAX","Playful"
"S05",2,3,9,"In 1698, Tsar Peter the Great wanted Russia to look more like western Europe.","Period portrait of Peter I (public domain)","Label “1698”","Clear"
"S05",3,9,16,"Beards were out. Men who kept one could pay a tax and carry a token as proof.","Re-creation: token passed hand to hand","Pause after “Beards were out”","Dry"
"S05",4,16,23,"Prices reportedly varied by rank, with wealthy merchants paying far more than others.","Simple chart: rank vs price, no numbers","New card per sentence","Curious"
"S05",5,23,30,"Would you pay to keep your beard, or shave it?","Token spins, slow zoom","Hold question 1.5 s","Fun"
"S06",1,0,3,"In 1666, a small bakery fire swallowed London.","Period painting of the Great Fire (public domain)","Big card: 1666","Urgent"
"S06",2,3,9,"It began early on September 2 in Thomas Farriner’s bakery on Pudding Lane.","Old London street map, pin on Pudding Lane","Label “Pudding Lane”","Storyteller"
"S06",3,9,16,"Strong winds and wooden houses let it spread for about four days.","Map: burned area grows","Pause after “four days”","Tense"
"S06",4,16,23,"Around 13,000 houses burned. Only a few deaths were recorded, but the true number is unknown.","Timeline graphic: day 1 to day 4","Highlight “unknown”","Careful"
"S06",5,23,30,"London rebuilt in brick and stone. Should I cover how they rebuilt it?","Engraving of rebuilt London (public domain)","Hold question 1.5 s","Warm"
"S07",1,0,3,"Medieval people drank water too. Here’s the real story.","Period painting of a village well (public domain)","Big card: WATER TOO","Confident"
"S07",2,3,9,"The popular version says water was so dirty that everyone drank beer all day.","Re-creation: beer mugs, red question mark","Pause after “all day”","Teasing"
"S07",3,9,16,"Written sources mention wells, springs and water carriers. People knew which sources were clean.","Manuscript illustration of a water carrier","New card per sentence","Calm"
"S07",4,16,23,"Weak ale, often called small beer, was common too. It was cheap calories as much as a drink.","Simple re-creation: bread loaf beside ale","Highlight “small beer”","Explaining"
"S07",5,23,30,"So both are true, just not the myth. What other food fact should I check?","Well painting, slow zoom out","Hold question 1.5 s","Warm"
"S08",1,0,3,"An entire English colony vanished, leaving one carved word.","Old engraving of Roanoke Island (public domain)","Big card: ONE WORD","Mysterious"
"S08",2,3,9,"In 1587, about 115 settlers arrived on Roanoke Island, in today’s North Carolina.","Map pin on Roanoke Island","Label “1587”","Storyteller"
"S08",3,9,16,"Their governor, John White, sailed to England for supplies. War delayed his return for three years.","Map: ship icon crosses Atlantic and back","Pause after “three years”","Steady"
"S08",4,16,23,"In 1590 the houses were gone. ‘CROATOAN’ was carved on a post, the name of a nearby island.","Re-creation: carved letters on wood","Highlight “CROATOAN”","Hushed"
"S08",5,23,30,"What happened to them is still debated. What do you think happened?","Slow zoom on the carved word","Hold question 1.5 s","Curious"
"S09",1,0,3,"Ancient Rome taxed urine. And laundries wanted it.","Ancient wall painting of a laundry (public domain)","Big card: TAXED","Playful"
"S09",2,3,9,"Roman cloth workers, called fullers, used urine to clean and soften wool clothes.","Re-creation: tub, cloth, worker silhouette","Label “fullers”","Explaining"
"S09",3,9,16,"The ammonia in it helped lift dirt and grease. Jars were collected from public places.","Simple diagram: jar on a street corner","Pause after “grease”","Matter-of-fact"
"S09",4,16,23,"Emperor Vespasian placed a tax on this trade, so even waste brought money in.","Ancient coin of Vespasian, museum open-access photo","Highlight “Vespasian”","Wry"
"S09",5,23,30,"Weird, but it worked. Which ancient job would you refuse to do?","Laundry painting, slow zoom","Hold question 1.5 s","Fun"
"S10",1,0,3,"The Bayeux Tapestry isn’t really a tapestry.","Public-domain photo of the Bayeux embroidery","Big card: NOT A TAPESTRY","Confident"
"S10",2,3,9,"A tapestry is woven on a loom. This one is embroidered: wool stitched onto linen.","Diagram: weave vs stitch","New card per sentence","Explaining"
"S10",3,9,16,"It tells the story of the Norman conquest of England in 1066, scene by scene.","Panel close-ups, slow pan","Label “1066”","Storyteller"
"S10",4,16,23,"It is about 70 metres long and was probably made within a few years of 1066.","Timeline graphic: 1066 → 1070s","Highlight “70 metres”","Amazed"
"S10",5,23,30,"Same story, wrong name. Which famous object has a misleading name?","Slow pan along the panels","Hold question 1.5 s","Warm"
"S11",1,0,3,"Ships got lost because no clock worked at sea.","Old sea chart (public domain)","Big card: LOST AT SEA","Serious"
"S11",2,3,9,"Sailors could find latitude from the sun, but longitude needed exact time.","Diagram: latitude vs longitude lines","Pause after “exact time”","Explaining"
"S11",3,9,16,"Pendulum clocks failed on rolling ships. Britain offered a large prize in 1714 for a solution.","Timeline graphic: 1714 prize","Label “1714”","Building"
"S11",4,16,23,"Carpenter turned clockmaker John Harrison built several sea clocks. His watch H4 passed a voyage test.","Museum photo of H4, open-access","Highlight “H4”","Proud"
"S11",5,23,30,"A pocket watch solved it. What invention do you think saved more sailors?","Slow zoom on H4 dial","Hold question 1.5 s","Warm"
"S12",1,0,3,"Lightning never struck Ben Franklin’s kite.","Period painting of Franklin’s kite (public domain)","Big card: NO STRIKE","Confident"
"S12",2,3,9,"Franklin described flying a kite in a storm in 1752, with a metal key tied on.","Re-creation: kite, string, key","Label “1752”","Storyteller"
"S12",3,9,16,"Electric charge from the storm clouds collected on the wet string and the key. He felt sparks.","Diagram: charge travels down the string","Pause after “sparks”","Explaining"
"S12",4,16,23,"A direct strike would likely have killed him. The point was to show lightning is electricity.","Simple graphic: cloud equals spark","Highlight “electricity”","Serious"
"S12",5,23,30,"It led to the lightning rod. Which experiment would you want to watch live?","Lightning rod sketch, slow zoom","Hold question 1.5 s","Warm"
"S13",1,0,3,"In Tudor England, purple silk was off-limits to most.","Tudor portrait in rich fabric (public domain)","Big card: OFF-LIMITS","Intrigued"
"S13",2,3,9,"Laws called statutes of apparel set what each rank was allowed to wear.","Re-creation: ranking ladder with fabric icons","Label “statutes of apparel”","Explaining"
"S13",3,9,16,"Purple silk was for the royal family. Some furs, velvets and gold cloth needed high rank.","Fabric swatch graphic","New card per sentence","Clear"
"S13",4,16,23,"The goal was to keep social ranks visible at a glance, and to limit spending on imports.","Simple graphic: crowd sorted by color","Pause after “at a glance”","Thoughtful"
"S13",5,23,30,"Clothes showed your place. Which of your clothes would the Tudors ban?","Portrait slow zoom","Hold question 1.5 s","Fun"
"S14",1,0,3,"On November 9, 1989, a wall opened overnight.","Map of divided Berlin (self-made)","Big card: NOV 9, 1989","Urgent"
"S14",2,3,9,"Since 1961, the Berlin Wall had split the city into East and West.","Timeline graphic: 1961 → 1989","Label “1961”","Steady"
"S14",3,9,16,"That evening, a confused announcement suggested new travel rules started immediately.","Re-creation: microphone, paper notes","Pause after “immediately”","Tense"
"S14",4,16,23,"Crowds gathered at the crossings, and the guards opened the gates. Demolition came later, in 1990.","Map: crossing points light up","Highlight “opened the gates”","Moving"
"S14",5,23,30,"One night changed a city. Which turning-point day should I tell next?","Slow zoom on the map","Hold question 1.5 s","Warm"
"S15",1,0,3,"Before alarm clocks, people paid someone to wake them.","Re-creation silhouette: figure with a long pole","Big card: HUMAN ALARM","Playful"
"S15",2,3,9,"In industrial British towns, mill and factory shifts started early, before sunrise.","Period painting of a mill town (public domain)","Label “before sunrise”","Clear"
"S15",3,9,16,"A knocker-upper walked the streets with a long pole and tapped on upstairs windows.","Re-creation: pole taps a window","Pause after “windows”","Storyteller"
"S15",4,16,23,"They stayed until someone answered, then moved to the next house on the list.","Simple map: route of houses","New card per sentence","Fun"
"S15",5,23,30,"The job faded as alarm clocks got cheaper. How do you make sure you wake up?","Window lights up, slow zoom","Hold question 1.5 s","Warm"
"S16",1,0,3,"The Library of Alexandria didn’t vanish in one fire.","Old engraving of the library (public domain)","Big card: NOT ONE FIRE","Confident"
"S16",2,3,9,"The popular version says one huge blaze wiped out the ancient world’s knowledge.","Re-creation: scrolls in flames, red question mark","Pause after “knowledge”","Teasing"
"S16",3,9,16,"A fire around 48 BC may have damaged part of the collection. The library continued afterward.","Timeline graphic: 48 BC marker","Highlight “continued”","Explaining"
"S16",4,16,23,"Over centuries it lost funding, scholars and protection, and slowly declined.","Timeline graphic: slow fade to grey","New card per sentence","Thoughtful"
"S16",5,23,30,"A slow fade, not one fire. Which lost book would you bring back?","Engraving, slow zoom","Hold question 1.5 s","Warm"
"S17",1,0,3,"You can’t see the Great Wall from the Moon.","Photo of the Great Wall, open-licence","Big card: NOT VISIBLE","Confident"
"S17",2,3,9,"The wall is very long, but most sections are only a few metres wide.","Diagram: wall width vs length","Highlight “few metres”","Explaining"
"S17",3,9,16,"From the Moon, about 384,000 kilometres away, that is like spotting a hair from kilometres off.","Simple graphic: Earth from the Moon","Pause after “away”","Amazed"
"S17",4,16,23,"Astronauts in low orbit have said it is very hard to spot without help.","Public-domain NASA image of Earth","New card per sentence","Calm"
"S17",5,23,30,"Huge, but thin. What other space myth have you heard?","Wall photo, slow zoom out","Hold question 1.5 s","Warm"
"S18",1,0,3,"This cathedral took over six hundred years to finish.","Photo of Cologne Cathedral, open-licence","Big card: 600+ YEARS","Amazed"
"S18",2,3,9,"Work on Cologne Cathedral in Germany started in 1248, in the Gothic style.","Timeline graphic: 1248 marker","Label “1248”","Storyteller"
"S18",3,9,16,"Around the 1470s, building stopped. A medieval crane stayed on the unfinished tower for centuries.","Old engraving of the crane on the tower (public domain)","Pause after “stopped”","Curious"
"S18",4,16,23,"In the 1800s, workers used the original medieval plans to complete it. It was finished in 1880.","Timeline graphic: 1248 → 1880","Highlight “1880”","Reveal"
"S18",5,23,30,"Six centuries for one building. What took you the longest to finish?","Slow pan up the towers","Hold question 1.5 s","Warm"
"S19",1,0,3,"Vikings reached North America almost 500 years before Columbus.","Map: North Atlantic route, Greenland to Newfoundland","Big card: 500 YEARS EARLIER","Bold"
"S19",2,3,9,"Old Norse sagas described a land called Vinland, west of Greenland.","Manuscript page photo, museum open-access","Label “Vinland”","Storyteller"
"S19",3,9,16,"In the 1960s, archaeologists dug at L’Anse aux Meadows in Newfoundland, Canada.","Map pin on Newfoundland","Pause after “Canada”","Curious"
"S19",4,16,23,"They found Norse-style buildings and objects from around the year 1000. The stay was short.","Photo of rebuilt turf houses, open-licence","Highlight “year 1000”","Reveal"
"S19",5,23,30,"So Columbus wasn’t first. Which history ‘first’ do you think is wrong?","Map, slow zoom out","Hold question 1.5 s","Warm"
"S20",1,0,3,"The first computer program was written in 1843.","Period portrait of Ada Lovelace (public domain)","Big card: 1843","Intrigued"
"S20",2,3,9,"Charles Babbage designed the Analytical Engine, a mechanical calculator that was never finished.","Museum photo of Babbage’s engine parts, open-access","Label “Analytical Engine”","Explaining"
"S20",3,9,16,"Ada Lovelace translated an article about it and added notes longer than the article itself.","Re-creation: two paper stacks, hers taller","Pause after “itself”","Storyteller"
"S20",4,16,23,"One note set out steps for the machine to calculate a sequence of numbers.","Simple graphic: table of steps","Highlight “steps”","Clear"
"S20",5,23,30,"She also guessed machines could do more than math. Who should I cover next?","Portrait, slow zoom","Hold question 1.5 s","Warm"
"S21",1,0,3,"European courts once put pigs on trial. Really.","Medieval manuscript image of a courtroom (public domain)","Big card: ON TRIAL","Playful"
"S21",2,3,10,"From roughly the 1300s to the 1700s, records describe animals charged in courts across Europe.","Map of Europe with case pins","Label “1300s–1700s”","Clear"
"S21",3,10,18,"Pigs were common defendants, usually for causing harm on farms. Some cases had a formal hearing and a verdict.","Re-creation: pig silhouette in a dock","Pause after “farms”","Matter-of-fact"
"S21",4,18,27,"Church courts handled pests too. Rats and insects that ate crops were sometimes formally warned to leave.","Manuscript margin drawing of insects (public domain)","New card per sentence","Wry"
"S21",5,27,36,"Historians link these trials to ideas about order and justice: even harm by an animal needed a public answer.","Simple graphic: scales of justice","Highlight “public answer”","Thoughtful"
"S21",6,36,45,"A collection of cases was published in 1906. Which animal would you put on trial today?","Courtroom image, slow zoom","Hold question 1.5 s","Fun"
"S22",1,0,3,"The first powered flight lasted only twelve seconds.","Public-domain photo of the 1903 Wright Flyer","Big card: 12 SECONDS","Amazed"
"S22",2,3,10,"On December 17, 1903, Orville and Wilbur Wright tested their engine-powered Flyer near Kitty Hawk.","Map pin on Kitty Hawk, North Carolina","Label “Dec 17, 1903”","Storyteller"
"S22",3,10,18,"Orville flew first. The plane covered about 120 feet, less than the wingspan of a large jet.","Diagram: 120 feet vs jet wingspan","Highlight “120 feet”","Building"
"S22",4,18,27,"They flew four times that day. The longest flight, by Wilbur, lasted about 59 seconds.","Timeline graphic: four flights, durations","New card per flight","Clear"
"S22",5,27,36,"A gust of wind then damaged the plane, and it never flew again. It is now in a museum.","Museum photo of the Flyer, open-access","Pause after “never flew again”","Reflective"
"S22",6,36,45,"Sixty-six years later, people walked on the Moon. What invention do you think moved fastest?","Timeline: 1903 → 1969","Hold question 1.5 s","Warm"
"S23",1,0,3,"Ice from frozen ponds once sailed to the tropics.","Period engraving of ice harvesting (public domain)","Big card: ICE BY SHIP","Intrigued"
"S23",2,3,10,"In 1806, a Boston merchant named Frederic Tudor shipped ice to the Caribbean. People laughed at him.","Map: Boston to the Caribbean","Label “1806”","Storyteller"
"S23",3,10,18,"Workers sawed blocks from frozen ponds in winter and packed them in sawdust to slow the melting.","Re-creation: ice blocks stacked in sawdust","Pause after “sawdust”","Explaining"
"S23",4,18,27,"Tudor built insulated ice houses at the ports. Over the years his ice trade became profitable.","Simple diagram: ice house walls","New card per sentence","Steady"
"S23",5,27,36,"By the 1830s, ships even carried New England ice to India, a voyage of several months.","Map: route around Africa to India","Highlight “India”","Amazed"
"S23",6,36,45,"Ice was once a luxury import. Which everyday item do you think was once a luxury?","Engraving, slow zoom","Hold question 1.5 s","Warm"
"S24",1,0,3,"Six centuries old, and nobody can read this book.","Public-domain scan of a Voynich manuscript page","Big card: UNREADABLE","Mysterious"
"S24",2,3,10,"It is called the Voynich manuscript, after a book dealer who bought it in 1912.","Label graphic: MS 408, Yale","Label “1912”","Storyteller"
"S24",3,10,18,"Its vellum pages were radiocarbon dated to the early 1400s. They hold about 240 pages of unknown script.","Timeline graphic: early 1400s marker","Highlight “unknown script”","Curious"
"S24",4,18,27,"There are drawings of plants nobody has identified, star charts and bathing figures. Some pages fold out.","Slow pan over drawings (public domain scans)","New card per item","Hushed"
"S24",5,27,36,"Professional code-breakers and many researchers have tried. No proposed reading has been widely accepted.","Re-creation: notes and crossed-out guesses","Pause after “tried”","Serious"
"S24",6,36,45,"It sits at Yale today. Is it a code, a lost language, or a hoax?","Page scan, slow zoom","Hold question 1.5 s","Curious"
"S25",1,0,3,"The pyramids weren’t built by slaves. Here’s the evidence.","Photo of the Giza pyramids, open-licence","Big card: NOT SLAVES","Confident"
"S25",2,3,10,"The popular version shows whipped slaves dragging stones. It spread through old histories and films.","Re-creation: red question mark over the scene","Pause after “films”","Teasing"
"S25",3,10,18,"Archaeologists found a workers’ town near Giza, with bakeries, sleeping halls and many animal bones from food.","Map: workers’ town beside the pyramids","Highlight “workers’ town”","Explaining"
"S25",4,18,27,"They also found workers’ tombs close to the pyramids. Enslaved people would not usually get such burials.","Photo of tomb remains, open-licence","New card per sentence","Calm"
"S25",5,27,36,"The likely picture is skilled crews plus rotating labourers called up for a season, paid partly in food.","Simple graphic: crew rotation diagram","Pause after “season”","Thoughtful"
"S25",6,36,45,"Hard work, but not slavery as shown in films. What ancient myth should I check next?","Pyramids at sunset, slow zoom","Hold question 1.5 s","Warm"
"S26",1,0,3,"Medieval people didn’t all die at thirty. Averages mislead.","Medieval painting of elderly villagers (public domain)","Big card: NOT 30","Confident"
"S26",2,3,10,"You may have heard that medieval life expectancy was around 30, so adults died young.","Re-creation: number 30 with red question mark","Pause after “young”","Teasing"
"S26",3,10,18,"But an average includes babies and children. Many children died very young, which pulls the average far down.","Simple chart: ages spread, average line drops","Highlight “includes babies”","Explaining"
"S26",4,18,27,"If you survived childhood, your chances changed. Many adults lived into their fifties or sixties, some much longer.","Chart: adult ages shift right","New card per sentence","Calm"
"S26",5,27,36,"So 30 was the average at birth, not a typical age of death for grown adults.","Timeline graphic: birth → adulthood","Pause after “at birth”","Clear"
"S26",6,36,45,"One number, two meanings. What history statistic confused you as a kid?","Painting, slow zoom","Hold question 1.5 s","Warm"
"S27",1,0,3,"Decades before Columbus, Chinese fleets reached East Africa.","Old map of the Indian Ocean (public domain)","Big card: BEFORE COLUMBUS","Bold"
"S27",2,3,10,"Between 1405 and 1433, the admiral Zheng He led seven great voyages for the Ming emperors.","Timeline graphic: seven voyage markers","Label “1405–1433”","Storyteller"
"S27",3,10,18,"The fleets were huge. The first reportedly carried around 27,000 people on many ships.","Simple graphic: fleet of ship icons","Highlight “27,000”","Amazed"
"S27",4,18,27,"They sailed to Southeast Asia, India, Arabia and the coast of East Africa, trading and showing Ming power.","Map: routes across the Indian Ocean","New card per region","Steady"
"S27",5,27,36,"The exact size of the biggest ships is debated. Some accounts may exaggerate them.","Re-creation: ship outline with question mark","Pause after “debated”","Careful"
"S27",6,36,45,"After 1433 the voyages stopped, and the fleets were never sent again. Why do you think China ended them?","Map, slow zoom out","Hold question 1.5 s","Curious"
"S28",1,0,3,"In 1844, a message crossed forty miles almost instantly.","Public-domain photo of a Morse telegraph key","Big card: INSTANT","Amazed"
"S28",2,3,10,"Before that, news traveled as fast as a horse, a train or a ship could carry it.","Re-creation: horse, train and ship icons","Pause after “carry it”","Clear"
"S28",3,10,18,"Samuel Morse and his partners built a telegraph line from Washington to Baltimore, about 40 miles.","Map: line between the two cities","Label “about 40 miles”","Storyteller"
"S28",4,18,27,"On May 24, 1844, Morse tapped out a Bible phrase: what hath God wrought. It arrived in Baltimore.","Paper tape graphic with dots and dashes","Highlight the message","Moving"
"S28",5,27,36,"Within a few decades, telegraph wires crossed continents and, from 1866, the Atlantic Ocean.","Map: wires spread across continents","New card per date","Building"
"S28",6,36,45,"Words at the speed of electricity. What would your first message be?","Telegraph key, slow zoom","Hold question 1.5 s","Warm"
"S29",1,0,3,"Britain once taxed people for their windows.","Photo of a bricked-up window, own photo or open-licence","Big card: WINDOW TAX","Playful"
"S29",2,3,10,"In 1696, England introduced a window tax. Houses with more windows paid more.","Timeline graphic: 1696 marker","Label “1696”","Clear"
"S29",3,10,18,"The idea was simple. Windows could be counted from the street, so officials didn’t need to go inside.","Re-creation: official counting windows","Pause after “simple”","Explaining"
"S29",4,18,27,"Many owners bricked up windows to pay less. You can still see blocked windows on some old buildings.","Photo series of blocked windows","New card per sentence","Wry"
"S29",5,27,36,"Critics said it cut light and fresh air in crowded homes. The tax was finally abolished in 1851.","Timeline graphic: 1696 → 1851","Highlight “1851”","Serious"
"S29",6,36,45,"It lasted 155 years. Have you ever spotted a bricked-up window near you?","Slow zoom on the blocked window","Hold question 1.5 s","Warm"
"S30",1,0,3,"In 1752, Britain skipped eleven days in one night.","Re-creation: calendar page, Sept 3–13 crossed out","Big card: 11 DAYS GONE","Intrigued"
"S30",2,3,10,"The old Julian calendar ran a little long, so it slowly drifted away from the seasons.","Diagram: calendar vs sun drift","Pause after “seasons”","Explaining"
"S30",3,10,18,"Catholic countries had switched to the Gregorian calendar in 1582. Britain waited about 170 years.","Timeline graphic: 1582 → 1752","Label “170 years”","Clear"
"S30",4,18,27,"To catch up, Wednesday, September 2, 1752 was followed by Thursday, September 14. The days between never happened.","Calendar graphic: 2 jumps to 14","Highlight “September 14”","Amazed"
"S30",5,27,36,"There’s a famous story about riots demanding the lost days back. Evidence for real riots is thin.","Re-creation: crowd with red question mark","Pause after “thin”","Careful"
"S30",6,36,45,"The same change reached the American colonies. Which day would you happily skip?","Calendar page, slow zoom","Hold question 1.5 s","Fun"
"S31",1,0,3,"Kitchens once used small dogs to turn the roast.","Period illustration of a turnspit wheel (public domain)","Big card: DOG POWER","Playful"
"S31",2,3,10,"Meat was roasted on a spit in front of the fire, and it had to keep turning.","Re-creation: spit in front of a fireplace","Pause after “turning”","Clear"
"S31",3,10,18,"In many British kitchens, a small breed called the turnspit dog ran inside a wooden wheel on the wall.","Diagram: wheel linked to spit by a belt","Label “turnspit dog”","Storyteller"
"S31",4,18,27,"The wheel was linked to the spit, so as the dog ran, the meat turned. Shifts could be long.","Simple animation: wheel turns, spit turns","New card per sentence","Matter-of-fact"
"S31",5,27,36,"Mechanical spits replaced them in the 1800s, and the breed died out. A preserved one is in a Welsh museum.","Timeline graphic: 1500s → 1800s","Highlight “died out”","Reflective"
"S31",6,36,45,"A whole breed gone with one job. Which old job should I explain next?","Illustration, slow zoom","Hold question 1.5 s","Warm"
"S32",1,0,3,"Amelia Earhart vanished in 1937. Nobody found her plane.","Public-domain photo of Earhart’s Lockheed Electra","Big card: NEVER FOUND","Serious"
"S32",2,3,10,"Earhart was famous already. In 1932 she became the first woman to fly solo across the Atlantic.","Map: Atlantic route","Label “1932”","Storyteller"
"S32",3,10,18,"In 1937, she and navigator Fred Noonan set out to fly around the world near the equator.","Map: round-the-world route","Highlight “around the world”","Building"
"S32",4,18,27,"On July 2, they left New Guinea for Howland Island, a tiny speck in the Pacific. They never arrived.","Map: route ends before Howland Island","Pause after “never arrived”","Hushed"
"S32",5,27,36,"A huge search found nothing. Theories include running out of fuel at sea or landing on another island.","Re-creation: search ships on a map","New card per theory","Careful"
"S32",6,36,45,"None has been proven. What do you think happened on that last flight?","Slow zoom on the empty ocean","Hold question 1.5 s","Curious"
"S33",1,0,3,"This Roman dome has stood for nearly 1,900 years.","Public-domain photo of the Pantheon dome interior","Big card: 1,900 YEARS","Amazed"
"S33",2,3,10,"The Pantheon in Rome was rebuilt under Emperor Hadrian around AD 125, and it is still in use.","Map pin on Rome","Label “c. AD 125”","Storyteller"
"S33",3,10,18,"Its dome is about 43 metres across. It has no steel inside: it is unreinforced concrete.","Diagram: dome cross-section with measurement","Highlight “no steel”","Clear"
"S33",4,18,27,"The builders made the concrete lighter toward the top, using lighter stone mixed in, and thinner walls.","Diagram: heavy at base, light at top","Pause after “toward the top”","Explaining"
"S33",5,27,36,"At the very top is an open hole, the oculus, about nine metres wide. Rain falls straight in.","Photo looking up at the oculus","New card per sentence","Calm"
"S33",6,36,45,"Still the largest dome of its kind. Which ancient building would you visit first?","Slow zoom on the oculus","Hold question 1.5 s","Warm"
"S34",1,0,3,"One workshop in Mainz changed how Europe made books.","Public-domain scan of a Gutenberg Bible page","Big card: MAINZ","Bold"
"S34",2,3,10,"Before the 1450s, almost every book in Europe was copied by hand, often taking months.","Manuscript illustration of a scribe (public domain)","Label “by hand”","Clear"
"S34",3,10,18,"Johannes Gutenberg developed a system of movable metal type, oil-based ink and a press adapted from wine presses.","Diagram: type pieces, ink, press","New card per item","Explaining"
"S34",4,18,27,"Around 1455 his workshop finished a large Latin Bible. Historians estimate about 180 copies were printed.","Timeline graphic: c. 1455 marker","Highlight “about 180 copies”","Storyteller"
"S34",5,27,36,"Gutenberg lost his workshop to his financial partner after a lawsuit. Printing spread across Europe anyway.","Map: printing spreads city by city","Pause after “lawsuit”","Reflective"
"S34",6,36,45,"Fewer than 50 copies survive today. Which book would you have printed first?","Page scan, slow zoom","Hold question 1.5 s","Warm"
"S35",1,0,3,"On long voyages, sailors feared scurvy more than storms.","Period painting of a sailing warship (public domain)","Big card: SCURVY","Serious"
"S35",2,3,10,"Scurvy caused weakness and bleeding gums on long voyages. We now know it comes from lacking vitamin C.","Re-creation: ship’s biscuit and salt meat","Label “vitamin C”","Explaining"
"S35",3,10,18,"In 1747, ship’s surgeon James Lind tested treatments on twelve sick sailors, in pairs.","Diagram: six pairs, six treatments","Highlight “twelve sailors”","Storyteller"
"S35",4,18,27,"The pair given oranges and lemons improved fastest. It was one of the earliest controlled trials in medicine.","Diagram: citrus pair highlighted","Pause after “fastest”","Building"
"S35",5,27,36,"But the Navy didn’t act at once. Lemon juice became a routine ration only around 1795.","Timeline graphic: 1747 → 1795","New card per date","Reflective"
"S35",6,36,45,"Nearly fifty years for a fix. Which good idea do you think took too long?","Lemon crate, slow zoom","Hold question 1.5 s","Warm"
"S36",1,0,3,"In 1895, a glowing screen led to the X-ray.","Public-domain X-ray image of a hand with a ring","Big card: 1895","Intrigued"
"S36",2,3,10,"On November 8, Wilhelm Röntgen was testing a covered electric tube in his German lab.","Re-creation: lab bench with a glass tube","Label “Nov 8, 1895”","Storyteller"
"S36",3,10,18,"A coated screen across the room started to glow, even though the tube was covered.","Diagram: invisible rays reach a screen","Pause after “glow”","Curious"
"S36",4,18,27,"He called the unknown rays X-rays. Weeks later he made an image of his wife’s hand, showing bones and a ring.","Slow zoom on the hand image","Highlight “X-rays”","Amazed"
"S36",5,27,36,"Doctors began using X-rays within months. In 1901 Röntgen received the first Nobel Prize in Physics.","Timeline graphic: 1895 → 1901","New card per date","Proud"
"S36",6,36,45,"An accident changed medicine. Which accidental discovery surprises you most?","Hand X-ray, slow zoom out","Hold question 1.5 s","Warm"
"S37",1,0,3,"English kings banned football again and again.","Medieval manuscript drawing of a ball game (public domain)","Big card: BANNED","Playful"
"S37",2,3,10,"Medieval football wasn’t a tidy match. Crowds chased a ball through streets, with few rules.","Re-creation: crowd silhouettes and a ball","Pause after “streets”","Fun"
"S37",3,10,18,"In 1314, a proclamation in London banned it, worried about noise and disorder in the city.","Timeline graphic: 1314 marker","Label “1314”","Clear"
"S37",4,18,27,"Later, Edward III wanted men practising archery for war instead of playing ball games.","Manuscript drawing of archers (public domain)","Highlight “archery”","Explaining"
"S37",5,27,36,"Similar bans were repeated for centuries, in England and in Scotland, which suggests people kept playing anyway.","Timeline graphic: repeated ban markers","New card per sentence","Wry"
"S37",6,36,45,"Football outlasted every single ban, and today it fills stadiums. Which modern sport would annoy a medieval king most?","Ball game drawing, slow zoom","Hold question 1.5 s","Fun"
"S38",1,0,3,"One golden spike finished a railroad across America.","Public-domain photo of the 1869 ceremony","Big card: GOLDEN SPIKE","Bold"
"S38",2,3,10,"Two companies built toward each other, one from California and one from the Midwest.","Map: two lines approaching each other","Label “two companies”","Storyteller"
"S38",3,10,18,"Thousands of workers, many from China and Ireland, laid the track across mountains and plains.","Period photo of track workers (public domain)","Pause after “Ireland”","Respectful"
"S38",4,18,27,"On May 10, 1869, the lines met at Promontory Summit, Utah. A telegraph sent one word: done.","Map pin on Promontory Summit","Highlight “done”","Moving"
"S38",5,27,36,"The golden spike was removed right after the ceremony. It is kept at a Stanford museum today.","Museum photo of the spike, open-access","New card per sentence","Calm"
"S38",6,36,45,"A trip of weeks or months became about a week. Which turning-point day should I cover next?","Map, slow zoom out","Hold question 1.5 s","Warm"
"S39",1,0,3,"Ancient Romans had street food counters, like fast food.","Public-domain photo of a Pompeii food counter","Big card: ROMAN FAST FOOD","Playful"
"S39",2,3,10,"In Pompeii, archaeologists have found many counters called thermopolia along the streets.","Map of Pompeii with counter pins","Label “thermopolia”","Clear"
"S39",3,10,18,"Each had a masonry counter with large jars set into the top, for hot or dry food.","Diagram: counter with jars","Pause after “jars”","Explaining"
"S39",4,18,27,"Many city flats had no proper kitchen, so buying food outside was part of everyday life.","Re-creation: small flat without a kitchen","New card per sentence","Storyteller"
"S39",5,27,36,"Some counters were painted with animals and scenes. Remains in jars suggest dishes with meat, fish and beans.","Close-up of a painted counter, open-licence","Highlight “meat, fish and beans”","Curious"
"S39",6,36,45,"Lunch on the go, about 2,000 years ago. What would you order in Pompeii?","Counter, slow zoom","Hold question 1.5 s","Fun"
"S40",1,0,3,"In 1872, a ship was found drifting, nobody aboard.","Public-domain painting of the Mary Celeste","Big card: NOBODY ABOARD","Mysterious"
"S40",2,3,10,"The Mary Celeste had left New York for Genoa, carrying barrels of industrial alcohol.","Map: New York to Genoa route","Label “1872”","Storyteller"
"S40",3,10,18,"A month later, another ship found her drifting near the Azores. The crew of ten was gone.","Map pin near the Azores","Pause after “gone”","Hushed"
"S40",4,18,27,"Her cargo was mostly intact and there was food on board. Her lifeboat was missing.","Re-creation: empty davits where a boat hung","Highlight “lifeboat was missing”","Curious"
"S40",5,27,36,"One common theory: fear of a leak or fumes made them leave in the lifeboat, then they were lost.","Diagram: ship and small boat drifting apart","New card per sentence","Careful"
"S40",6,36,45,"Nobody was ever found. What do you think made them leave the ship?","Painting, slow zoom","Hold question 1.5 s","Curious"
"S41",1,0,3,"This broken stone let people read hieroglyphs again.","Museum open-access photo of the Rosetta Stone","Big card: THE KEY","Intrigued"
"S41",2,3,10,"For over a thousand years, nobody could read Egyptian hieroglyphs. The knowledge had been lost.","Public-domain photo of temple hieroglyphs","Pause after “lost”","Serious"
"S41",3,10,18,"In 1799, French soldiers in Egypt found a carved slab near the town of Rosetta.","Map pin on Rosetta, Nile Delta","Label “1799”","Storyteller"
"S41",4,18,27,"It carried one decree from 196 BC, written three times: in hieroglyphs, in Demotic script and in ancient Greek.","Diagram: three bands of text","New card per script","Explaining"
"S41",5,27,36,"Scholars could read the Greek. So they had the same message in a script they knew, beside two they didn’t.","Diagram: Greek band lit, arrows to others","Highlight “same message”","Building"
"S41",6,36,45,"Names like Ptolemy sat inside oval frames called cartouches. Matching those names gave the first sound values.","Close-up of a cartouche (public domain)","Pause after “cartouches”","Curious"
"S41",7,45,54,"In 1822, Jean-François Champollion announced he could read the system. Egypt’s own words could be read again.","Timeline graphic: 1799 → 1822","Highlight “1822”","Proud"
"S41",8,54,60,"The stone is in the British Museum. Which lost script would you want to read?","Slow zoom on the stone","Hold question 1.5 s","Warm"
"S42",1,0,3,"Vikings never wore horned helmets into battle.","1800s painting of a horned warrior (public domain), red X","Big card: NEVER","Confident"
"S42",2,3,10,"That image is everywhere: cartoons, sports logos, costumes. But archaeologists have never found a Viking-age helmet with horns.","Your own quick doodles of horned helmets","Pause before “But”","Teasing"
"S42",3,10,18,"The best-preserved one, the Gjermundbu helmet, was found in Norway in 1943. It’s a rounded iron cap with eye guards.","Line drawing of the Gjermundbu helmet","Label “Gjermundbu, 1943”","Museum guide"
"S42",4,18,27,"No horns. Horns would be a terrible idea in a fight: they give a blade something to catch.","Re-creation: helmet outline, horns fade out","New card per sentence","Dry"
"S42",5,27,36,"So where did the horns come from? Mostly the 1800s. Painters and costume designers gave Norse heroes horns and wings to look dramatic.","Timeline graphic: 800 → 1800s","Pause after “the 1800s”","Curious"
"S42",6,36,45,"A famous example: the first full staging of Wagner’s Ring cycle in 1876, whose costumes gave several characters horned helmets.","Period stage-design sketch (public domain)","Highlight “1876”","Storyteller"
"S42",7,45,54,"Real horned helmets do exist, found in Denmark. But they’re Bronze Age ceremonial pieces, well over a thousand years older than the Viking age.","Map of Denmark, pin drops; timeline zooms out","Pause before “well over”","Reveal, slower"
"S42",8,54,60,"What history fact did you learn as a kid that turned out wrong?","Freeze on the X-stamped painting","Hold question 1.5 s","Warm, direct"
"S43",1,0,3,"They crossed thousands of miles of ocean without maps.","Map of the Pacific triangle: Hawaii, New Zealand, Rapa Nui","Big card: NO MAPS","Bold"
"S43",2,3,10,"Over many centuries, Polynesian navigators settled islands spread across a huge triangle of the Pacific.","Map: arrows spread island to island","Label “Polynesian triangle”","Storyteller"
"S43",3,10,18,"The last big ones, like Hawaii and New Zealand, were settled roughly 800 to 1,000 years ago.","Timeline graphic: settlement dates, rounded","Highlight “roughly”","Careful"
"S43",4,18,27,"Navigators read the night sky. They memorized where stars rose and set on the horizon, and steered by them.","Re-creation: star compass circle","Pause after “night sky”","Calm"
"S43",5,27,36,"By day they felt ocean swells against the hull. Swell patterns bend around islands long before land appears.","Diagram: swells bending around an island","New card per sentence","Explaining"
"S43",6,36,45,"Birds helped too. Some seabirds fly out to fish in the morning and return to land at dusk.","Simple graphic: bird flight lines toward an island","Highlight “return to land”","Curious"
"S43",7,45,54,"Some once argued these islands were found by accident. Planned voyages explain the evidence better.","Map: two-way voyage arrows","Pause after “accident”","Clear"
"S43",8,54,60,"Stars, waves and birds. Which clue would you trust most on open water?","Starry sky over ocean, slow zoom","Hold question 1.5 s","Warm"
"S44",1,0,3,"Galileo didn’t invent the telescope. Here’s who did.","Public-domain drawing of an early telescope","Big card: NOT GALILEO","Confident"
"S44",2,3,10,"In 1608, Dutch spectacle maker Hans Lipperhey sought a patent for a device making distant things look closer.","Timeline graphic: 1608 marker","Label “1608”","Storyteller"
"S44",3,10,18,"He wasn’t the only one. Other Dutch makers claimed it too, so the patent was not granted.","Re-creation: three claim papers","Pause after “too”","Wry"
"S44",4,18,27,"News spread fast. In 1609, Galileo Galilei in Italy heard about it and built his own, much stronger version.","Map: Netherlands to Italy arrow","Highlight “his own”","Building"
"S44",5,27,36,"Then he did what made him famous: he pointed it at the sky and wrote down what he saw.","Museum photo of Galileo’s telescope, open-access","New card per sentence","Curious"
"S44",6,36,45,"He saw mountains on the Moon and, in 1610, four moons circling Jupiter.","Simple graphic: Jupiter with four dots","Highlight “four moons”","Amazed"
"S44",7,45,54,"So he didn’t invent it. He turned a curiosity into a tool for astronomy.","Timeline graphic: 1608 → 1610","Pause after “invent it”","Thoughtful"
"S44",8,54,60,"Which inventor do you think gets credit for someone else’s idea?","Telescope drawing, slow zoom","Hold question 1.5 s","Warm"
"S45",1,0,3,"Early British vehicles needed a walker carrying a flag.","Re-creation: walker with red flag ahead of a steam vehicle","Big card: RED FLAG","Playful"
"S45",2,3,10,"In 1865, Britain passed a Locomotive Act for steam-powered vehicles on public roads.","Timeline graphic: 1865 marker","Label “1865”","Clear"
"S45",3,10,18,"The speed limit was four miles an hour in the country and two miles an hour in towns.","Simple graphic: speedometer at 4 and 2","Highlight “two miles an hour”","Amazed"
"S45",4,18,27,"Each vehicle needed a crew, and one person had to walk in front, warning riders and horses, carrying a red flag.","Diagram: crew positions around the vehicle","Pause after “in front”","Explaining"
"S45",5,27,36,"Lawmakers worried about frightened horses, damaged roads and noisy machines. Horses were still the main traffic.","Period engraving of a busy road (public domain)","New card per worry","Storyteller"
"S45",6,36,45,"In 1878 the flag rule was relaxed. Early petrol cars arrived, still under strict rules.","Timeline graphic: 1865 → 1878","Pause after “relaxed”","Steady"
"S45",7,45,54,"In 1896 a new law raised the limit to 14 miles an hour. Drivers celebrated with a run to Brighton.","Map: London to Brighton route","Highlight “14 miles an hour”","Fun"
"S45",8,54,60,"Which rule of today will look strange in 100 years?","Flag walker, slow zoom","Hold question 1.5 s","Warm"
"S46",1,0,3,"London smelled so bad in 1858, it built sewers.","Period cartoon of the Thames (public domain)","Big card: THE GREAT STINK","Playful"
"S46",2,3,10,"For years, London’s sewage and waste flowed straight into the River Thames, the same river many drew water from.","Map of the Thames through London","Pause after “Thames”","Serious"
"S46",3,10,18,"In the hot summer of 1858, the river’s smell became so strong people called it the Great Stink.","Timeline graphic: summer 1858","Label “1858”","Storyteller"
"S46",4,18,27,"Parliament sat right beside the river. Curtains were reportedly soaked in chemicals to block the smell.","Engraving of the Houses of Parliament (public domain)","Highlight “beside the river”","Wry"
"S46",5,27,36,"Lawmakers who had delayed for years suddenly moved quickly and approved a huge sewer plan within weeks.","Re-creation: papers stamped approved","New card per sentence","Building"
"S46",6,36,45,"Engineer Joseph Bazalgette designed it: large brick tunnels that carried waste away from central London.","Diagram: tunnels running beside the river","Pause after “Bazalgette”","Explaining"
"S46",7,45,54,"The new system helped end the city’s cholera outbreaks, and parts of it are still in use today.","Photo of a Victorian sewer tunnel, open-licence","Highlight “still in use”","Proud"
"S46",8,54,60,"A bad smell changed a city. What hidden system in your town do you never think about?","Thames map, slow zoom","Hold question 1.5 s","Warm"
"S47",1,0,3,"This tiny black stamp changed how letters got paid.","Museum open-access image of the Penny Black","Big card: 1840","Intrigued"
"S47",2,3,10,"Before 1840, British letters were usually paid for by the person receiving them, priced by distance and sheets.","Re-creation: letter with postage marks","Label “receiver paid”","Clear"
"S47",3,10,18,"That made post expensive and slow to collect. Some people refused letters to avoid paying.","Simple graphic: letter returned to sender","Pause after “paying”","Storyteller"
"S47",4,18,27,"A reformer named Rowland Hill proposed one cheap rate, paid in advance by the sender.","Timeline graphic: reform proposal","Highlight “paid in advance”","Explaining"
"S47",5,27,36,"In 1840, Britain introduced the uniform penny post. One penny sent a light letter anywhere in the country.","Map of Britain, letters fly in all directions","New card per sentence","Building"
"S47",6,36,45,"On May 6, 1840, the Penny Black became valid, the world’s first adhesive postage stamp.","Close-up of the stamp","Highlight “first adhesive stamp”","Proud"
"S47",7,45,54,"Letter numbers rose sharply within a few years, and other countries soon introduced their own stamps.","Map: stamps spread across countries","Pause after “sharply”","Steady"
"S47",8,54,60,"Today, billions of stamps later, when did you last send a paper letter?","Stamp, slow zoom","Hold question 1.5 s","Warm"
"S48",1,0,3,"Thousands of these seals survive. Nobody can read them.","Museum open-access photo of an Indus seal","Big card: UNREAD","Mysterious"
"S48",2,3,10,"The Indus civilization grew along rivers in today’s Pakistan and northwest India, about 4,500 years ago.","Map of the Indus Valley region","Label “c. 2600 BC”","Storyteller"
"S48",3,10,18,"Its cities, like Mohenjo-daro, had planned streets, brick houses and covered drains.","Public-domain photo of Mohenjo-daro ruins","Highlight “covered drains”","Amazed"
"S48",4,18,27,"They also left thousands of small carved seals, often with an animal and a short row of symbols.","Diagram: seal parts labelled","Pause after “symbols”","Curious"
"S48",5,27,36,"The inscriptions are very short, usually just a few signs. That gives code-breakers little to work with.","Simple graphic: five signs in a row","New card per sentence","Explaining"
"S48",6,36,45,"There is no known bilingual text, like the Rosetta Stone, that pairs this script with a known one.","Re-creation: Rosetta Stone outline, crossed out","Highlight “no bilingual text”","Serious"
"S48",7,45,54,"Many decipherments have been proposed. None is widely accepted, and scholars even debate what language it records.","Re-creation: question marks over signs","Pause after “accepted”","Careful"
"S48",8,54,60,"Which lost script do you think will be cracked next?","Seal, slow zoom","Hold question 1.5 s","Curious"
"S49",1,0,3,"This corroded shipwreck lump is full of ancient gears.","Museum open-access photo of the Antikythera fragments","Big card: GEARS","Intrigued"
"S49",2,3,10,"In 1901, sponge divers recovered objects from an ancient wreck near the Greek island of Antikythera.","Map pin on Antikythera","Label “1901”","Storyteller"
"S49",3,10,18,"Among statues and pottery were some lumps of corroded bronze. Months later someone noticed a gear wheel.","Re-creation: museum crate with fragments","Pause after “gear wheel”","Curious"
"S49",4,18,27,"Scans in modern times revealed dozens of interlocking gears and tiny inscriptions inside the fragments.","Diagram: gear layout, simple outline","Highlight “dozens of gears”","Amazed"
"S49",5,27,36,"It was likely made around the second or first century BC. Dates vary between studies.","Timeline graphic: 200–1 BC range","Pause after “vary”","Careful"
"S49",6,36,45,"Turning a handle moved dials showing the Sun, the Moon and predicted eclipses.","Diagram: front dial with pointers","New card per dial","Explaining"
"S49",7,45,54,"Nothing this complex is known again until the medieval astronomical clocks of Europe, many centuries later.","Timeline graphic: gap to medieval clocks","Highlight “many centuries”","Thoughtful"
"S49",8,54,60,"Who built it, and exactly why, is still unknown. Which ancient object would you want to study?","Fragments, slow zoom","Hold question 1.5 s","Warm"
"S50",1,0,3,"Medieval chess pieces turned up on a Scottish island.","Museum open-access photo of the Lewis chessmen","Big card: FOUND 1831","Intrigued"
"S50",2,3,10,"In 1831 a hoard of small carved figures was found on the Isle of Lewis, in Scotland’s Outer Hebrides.","Map pin on the Isle of Lewis","Label “1831”","Storyteller"
"S50",3,10,18,"There were dozens of chess pieces: kings, queens, bishops, knights and warders, plus game pieces.","Simple graphic: piece types in a row","New card per piece","Clear"
"S50",4,18,27,"Most are carved from walrus ivory, some from whale teeth. They date to around the late 1100s.","Close-up of the ivory carving, open-access","Highlight “walrus ivory”","Explaining"
"S50",5,27,36,"Their style suggests they were probably made in Norway, perhaps in Trondheim, then carried west.","Map: Norway to the Hebrides route","Pause after “Trondheim”","Careful"
"S50",6,36,45,"How they ended up buried on Lewis is not known. A merchant’s stock is one idea.","Re-creation: small bag buried in sand","Highlight “not known”","Curious"
"S50",7,45,54,"Some warders bite the tops of their shields, which makes them one of the most loved museum objects.","Close-up of a shield-biting warder","Pause after “shields”","Fun"
"S50",8,54,60,"Which piece would you put on your board?","Pieces lined up, slow zoom","Hold question 1.5 s","Warm"
"S51",1,0,3,"Ice crushed their ship. Every crew member survived.","Public-domain photo of Endurance in pack ice","Big card: ALL SURVIVED","Moving"
"S51",2,3,10,"In 1914, the explorer Ernest Shackleton sailed south, aiming to cross the whole of Antarctica on foot.","Map of Antarctica with planned route","Label “1914”","Storyteller"
"S51",3,10,18,"In early 1915 his ship, Endurance, was trapped in sea ice. Months later the ice crushed it and it sank.","Timeline graphic: trapped → sank","Pause after “trapped”","Serious"
"S51",4,18,27,"The 28 men camped on drifting ice, then took three small boats to tiny Elephant Island.","Map: drift and boat route","Highlight “Elephant Island”","Tense"
"S51",5,27,36,"Shackleton and five others sailed a small lifeboat about 800 miles to South Georgia to get help.","Map: Elephant Island to South Georgia","New card per sentence","Building"
"S51",6,36,45,"Then they crossed the island’s mountains to reach a whaling station. Rescue took several attempts.","Simple graphic: mountain crossing line","Pause after “whaling station”","Steady"
"S51",7,45,54,"In August 1916, a Chilean ship rescued all the men left on Elephant Island.","Public-domain photo of the rescue","Highlight “all”","Relief"
"S51",8,54,60,"All of them came home. What quality would you most want in a leader?","Endurance photo, slow zoom","Hold question 1.5 s","Warm"
"S52",1,0,3,"Marie Curie won Nobel Prizes in two different sciences.","Public-domain photo of Curie’s laboratory","Big card: 2 PRIZES","Proud"
"S52",2,3,10,"She was born in Warsaw in 1867 and moved to Paris to study physics and mathematics.","Map: Warsaw to Paris","Label “1867”","Storyteller"
"S52",3,10,18,"With her husband Pierre, she studied the strange rays given off by uranium and other minerals.","Re-creation: mineral sample and measuring device","Pause after “uranium”","Explaining"
"S52",4,18,27,"In 1898 they announced two new elements: polonium, named after Poland, and radium.","Simple graphic: two element tiles","Highlight “polonium”","Building"
"S52",5,27,36,"In 1903 she shared the Nobel Prize in Physics. She was the first woman to win one.","Timeline graphic: 1903 marker","New card per sentence","Proud"
"S52",6,36,45,"In 1911 she won the Nobel Prize in Chemistry on her own, for her work on radium and polonium.","Timeline graphic: 1903 → 1911","Highlight “1911”","Amazed"
"S52",7,45,54,"Her notebooks are still radioactive today, and readers reportedly handle them with protective precautions.","Re-creation: notebook in a lined box","Pause after “radioactive”","Careful"
"S52",8,54,60,"Her story is still taught worldwide. Which scientist do you think deserves more fame?","Lab photo, slow zoom","Hold question 1.5 s","Warm"
"S53",1,0,3,"In 1795, Britain taxed people for powdering their hair.","Period portrait with powdered wig (public domain)","Big card: HAIR TAX","Playful"
"S53",2,3,10,"Powdered wigs and hair were high fashion in the 1700s. The powder was usually made from starch or flour.","Re-creation: powder box and puff","Label “starch or flour”","Explaining"
"S53",3,10,18,"Britain was at war with France, and the government needed money. Food prices were also rising.","Timeline graphic: 1795 marker","Pause after “money”","Clear"
"S53",4,18,27,"Prime Minister William Pitt introduced a duty: anyone using hair powder had to buy a yearly certificate.","Simple graphic: certificate with a seal","Highlight “yearly certificate”","Storyteller"
"S53",5,27,36,"Some exceptions applied, for example to the royal family and some clergy, and certain servants were covered by employers.","Re-creation: list with ticks","New card per sentence","Matter-of-fact"
"S53",6,36,45,"Many people simply stopped powdering. Fashion was already moving toward natural hair, and the tax sped it up.","Before/after silhouettes: powdered vs natural","Pause after “stopped powdering”","Wry"
"S53",7,45,54,"Few people still paid by the 1800s. The tax was finally repealed in 1869.","Timeline graphic: 1795 → 1869","Highlight “1869”","Steady"
"S53",8,54,60,"Which fashion would you happily see taxed?","Portrait, slow zoom","Hold question 1.5 s","Fun"
"S54",1,0,3,"In 1957, a metal ball started beeping from orbit.","Public-domain image of Sputnik 1","Big card: OCT 4, 1957","Intrigued"
"S54",2,3,10,"The Soviet Union launched Sputnik 1, the first human-made object to orbit Earth.","Simple graphic: Earth with an orbit line","Label “first satellite”","Bold"
"S54",3,10,18,"It was a polished sphere about 58 centimetres wide, with four long antennas trailing behind.","Diagram: sphere and four antennas","Highlight “58 centimetres”","Explaining"
"S54",4,18,27,"It circled Earth about once every 96 minutes, sending simple radio beeps that amateur listeners could pick up.","Animation: dot circling Earth","Pause after “96 minutes”","Curious"
"S54",5,27,36,"People around the world tuned in. In the United States, the news caused real alarm.","Re-creation: radio with sound waves","New card per sentence","Tense"
"S54",6,36,45,"The next year, the US launched its first satellite and created NASA. The space race had begun.","Timeline graphic: 1957 → 1958","Highlight “space race”","Building"
"S54",7,45,54,"Sputnik’s batteries ran out after about three weeks. In early 1958 it fell back and burned up.","Animation: orbit decays","Pause after “three weeks”","Reflective"
"S54",8,54,60,"It weighed about 84 kilograms. Which space first would you have wanted to watch live?","Sputnik, slow zoom","Hold question 1.5 s","Warm"
"S55",1,0,3,"Before railways, every British town kept its own time.","Period photo of a town clock (public domain)","Big card: OWN TIME","Intrigued"
"S55",2,3,10,"Towns set their clocks by the sun. Noon was when the sun was highest over that town.","Diagram: sun over two towns","Pause after “that town”","Explaining"
"S55",3,10,18,"So a western town like Bristol ran about ten minutes behind London, every single day.","Map: London and Bristol with clocks","Highlight “ten minutes”","Clear"
"S55",4,18,27,"That was fine for horses. But trains moved fast, and timetables with different local times caused confusion.","Re-creation: timetable with two times","New card per sentence","Storyteller"
"S55",5,27,36,"In the 1840s, railway companies began using London time, also called railway time, across their networks.","Map: rail lines with matching clocks","Label “railway time”","Steady"
"S55",6,36,45,"Some towns showed both times for years. A few clocks even had two minute hands. Bristol’s Corn Exchange clock still does.","Simple graphic: clock with two minute hands","Pause after “both times”","Fun"
"S55",7,45,54,"In 1880, a law made Greenwich Mean Time the legal time across Great Britain.","Timeline graphic: 1840s → 1880","Highlight “1880”","Proud"
"S55",8,54,60,"How would you plan a trip if every town kept its own time?","Clock, slow zoom","Hold question 1.5 s","Warm"
"S56",1,0,3,"A whole Roman legion vanishes from the records.","Museum open-access photo of a Roman inscription","Big card: VANISHED","Mysterious"
"S56",2,3,10,"The Ninth Legion, about five thousand soldiers, served in Roman Britain and helped found the fortress at York.","Map of Roman Britain, pin on York","Label “York”","Storyteller"
"S56",3,10,18,"An inscription in York, from around AD 108, is the last firm record of it in Britain.","Timeline graphic: AD 108 marker","Highlight “last firm record”","Clear"
"S56",4,18,27,"After that, it is missing from later lists of legions. So what happened to it?","Re-creation: list with one gap","Pause after “legions”","Curious"
"S56",5,27,36,"The popular story says it marched into Scotland and was destroyed. A famous 1954 novel spread that version.","Re-creation: map of Scotland with question mark","New card per sentence","Teasing"
"S56",6,36,45,"But no Roman source records that defeat. Some finds suggest parts of it later served near the Rhine.","Map: Britain to the Rhine arrow","Highlight “no Roman source”","Careful"
"S56",7,45,54,"Historians still debate whether it was lost in a war in the east or disbanded.","Timeline graphic: possible endings with question marks","Pause after “debate”","Thoughtful"
"S56",8,54,60,"Which theory do you think fits the evidence best?","Inscription, slow zoom","Hold question 1.5 s","Curious"
"S57",1,0,3,"In 218 BC, elephants marched over the Alps.","Period painting of the Alps crossing (public domain)","Big card: 218 BC","Bold"
"S57",2,3,10,"Hannibal was a general from Carthage, in North Africa, at war with Rome.","Map: Carthage and Rome","Label “Carthage”","Storyteller"
"S57",3,10,18,"Instead of attacking by sea, he marched from Spain, across southern Gaul and over the mountains.","Map: route from Spain to Italy","Highlight “over the mountains”","Building"
"S57",4,18,27,"He brought war elephants, reportedly about 37 of them, along with tens of thousands of soldiers.","Simple graphic: elephant icons","Pause after “37 of them”","Amazed"
"S57",5,27,36,"The crossing happened in autumn, with snow, narrow paths and steep drops. Many men and animals were lost.","Re-creation: narrow path with snow","New card per sentence","Serious"
"S57",6,36,45,"Ancient writers describe the march, but nobody agrees which pass he used. Several are proposed.","Map: several possible passes with question marks","Pause after “which pass”","Careful"
"S57",7,45,54,"He reached Italy and won major battles there, but Rome won the war in the end.","Timeline graphic: 218 → 201 BC","Highlight “Rome won”","Reflective"
"S57",8,54,60,"It remains one of history’s most famous marches. Which ancient journey do you think was the hardest?","Alps painting, slow zoom","Hold question 1.5 s","Warm"
"S58",1,0,3,"Magna Carta failed within weeks. It became famous anyway.","Public-domain image of a Magna Carta manuscript","Big card: FAILED FIRST","Intrigued"
"S58",2,3,10,"In June 1215, rebel barons forced King John to agree to a charter at Runnymede, near London.","Map pin on Runnymede","Label “June 1215”","Storyteller"
"S58",3,10,18,"It promised that the king would follow the law, and limited unfair taxes and seizures.","Re-creation: charter with wax seal","Pause after “follow the law”","Explaining"
"S58",4,18,27,"The popular version says it gave rights to everyone. In fact it mostly protected barons and free men.","Simple graphic: small group highlighted in a crowd","Highlight “mostly barons”","Careful"
"S58",5,27,36,"John asked the Pope to cancel it. Within about ten weeks it was annulled, and war followed.","Timeline graphic: June → August 1215","New card per sentence","Tense"
"S58",6,36,45,"After John died, it was reissued several times, and later versions entered English law.","Timeline graphic: 1216, 1217, 1225 markers","Pause after “reissued”","Steady"
"S58",7,45,54,"Only a few of its clauses are still law in England today, but its ideas spread far.","Close-up of manuscript text","Highlight “still law”","Reflective"
"S58",8,54,60,"Which old document do you think still matters most?","Manuscript, slow zoom","Hold question 1.5 s","Warm"
"S59",1,0,3,"For a century, maps showed California as an island.","Public-domain map with California as an island","Big card: AN ISLAND?","Playful"
"S59",2,3,10,"Early Spanish explorers had mapped it correctly in the 1500s, as a long peninsula.","Old map showing a peninsula (public domain)","Label “1500s”","Storyteller"
"S59",3,10,18,"Then in the early 1600s, island maps appeared. One possible source was a misread or exaggerated expedition report.","Timeline graphic: early 1600s marker","Pause after “appeared”","Curious"
"S59",4,18,27,"Mapmakers in Europe copied each other. Once one famous map showed an island, many more followed.","Re-creation: maps copied in a chain","New card per sentence","Explaining"
"S59",5,27,36,"Few people in Europe could check. Most mapmakers never travelled to the places they drew.","Simple graphic: mapmaker at a desk, ocean between","Highlight “never travelled”","Wry"
"S59",6,36,45,"Overland trips by missionaries around 1700 showed that California was joined to the mainland.","Map: overland route around the gulf","Pause after “joined”","Clear"
"S59",7,45,54,"Even so, island maps kept appearing for decades, until a Spanish decree in 1747 declared California not an island.","Timeline graphic: 1700 → 1747","Highlight “1747”","Reveal"
"S59",8,54,60,"Old maps can be wrong for a long time. Which old map mistake do you find funniest?","Island map, slow zoom","Hold question 1.5 s","Fun"
"S60",1,0,3,"Canned food existed for decades before the can opener.","Period illustration of early tin cans (public domain)","Big card: NO OPENER","Playful"
"S60",2,3,10,"In the 1790s, France needed a better way to feed its army and navy on long campaigns.","Timeline graphic: 1790s marker","Label “1790s”","Storyteller"
"S60",3,10,18,"A confectioner named Nicolas Appert sealed cooked food in glass jars and heated them. The food kept for months.","Re-creation: glass jars in boiling water","Pause after “heated them”","Explaining"
"S60",4,18,27,"Nobody yet knew why it worked. Germs weren’t understood until Louis Pasteur’s work decades later.","Timeline graphic: Appert → Pasteur","Highlight “decades later”","Curious"
"S60",5,27,36,"In 1810, a British patent covered sealing food in tin-plated iron cans, which were tougher than glass.","Simple graphic: jar becomes can","New card per sentence","Clear"
"S60",6,36,45,"Early cans were thick and heavy. Users reportedly opened them with tools like hammers and chisels.","Re-creation: hammer and chisel beside a can","Pause after “hammers”","Wry"
"S60",7,45,54,"Dedicated can openers only appeared around the 1850s, once cans became thinner.","Timeline graphic: 1810 → 1850s","Highlight “1850s”","Reveal"
"S60",8,54,60,"Which other invention do you think came in the wrong order?","Can, slow zoom","Hold question 1.5 s","Fun"
