"script_id","title","theme","era","length_s","word_count","hook_line","full_voiceover","verify_with","myth_check","make_it_yours_1","make_it_yours_2","make_it_yours_3","post_title","post_description","hashtags","cover_text","pinned_comment","cta"
"S01","Cleopatra, the Pyramids and the Moon Landing","Ancient world","c. 2560 BC – 30 BC, Egypt",30,66,"Cleopatra lived closer to us than to the pyramids.","Cleopatra lived closer to us than to the pyramids. The Great Pyramid of Giza was finished around 2560 BC. Cleopatra died in 30 BC. That gap is roughly 2,500 years. To her, the pyramids were already ancient monuments. Now count forward. From Cleopatra to the Moon landing in 1969 is about 2,000 years. Egypt’s history is that deep. Which other timeline should I line up next?","Encyclopaedia Britannica: “Pyramids of Giza” and “Cleopatra” entries","No common myth.","Add mammoths: some survived on Wrangel Island while the pyramids were built.","Use the first powered flight, 1903, as the modern endpoint instead.","Ask viewers to guess the gap before you reveal the numbers.","Cleopatra, the Pyramids and the Moon Landing","Cleopatra, the Great Pyramid and the Moon landing on one timeline.","#history #ancientegypt #historyfacts","Closer to us!","Which two events should I put on one timeline next?","Which other timeline should I line up next?"
"S02","Medieval People Knew the Earth Was Round","Medieval life","c. 700–1500, Europe",30,67,"Medieval people did not think the Earth was flat.","Medieval people did not think the Earth was flat. Scholars like the English monk Bede, around 700, wrote about a round Earth. Medieval kings even held a ball with a cross, a symbol of rule over the world. The flat-Earth story mostly spread in the 1800s, in popular books about Columbus. So the myth is newer than the people it describes. What myth should I check next?","Encyclopaedia Britannica: “Flat Earth” and “Bede” entries","Popular version: Medieval Europeans believed the Earth was flat. Documented: Educated medieval writers described a round Earth; the flat-Earth story spread in the 1800s.","Open on a medieval globe-and-cross symbol of royal power instead.","Name Bede’s book on time-reckoning as your main example.","End by asking which school “fact” viewers want checked.","Medieval People Knew the Earth Was Round","Why the medieval flat-Earth belief is a much later myth.","#history #medieval #mythbusting","They knew it was round","Who first told you medieval people thought the Earth was flat?","What myth should I check next?"
"S03","Magellan Didn’t Finish His Own Voyage","Exploration & navigation","1519–1522, Spain to the Pacific",30,61,"Magellan never actually sailed around the world.","Magellan never actually sailed around the world. Five ships left Spain in 1519, led by Ferdinand Magellan, heading west. In 1521 Magellan was killed in a fight in the Philippines, partway through the trip. Juan Sebastián Elcano took over. In 1522 one ship, the Victoria, reached Spain again. About eighteen men made it home. Who do you think deserves the credit?","Encyclopaedia Britannica: “Ferdinand Magellan” and “Juan Sebastián del Cano” entries","Popular version: Magellan sailed all the way around the world. Documented: Magellan died in the Philippines in 1521; Elcano brought one ship home in 1522.","Open on the ship Victoria and reveal Magellan’s fate at the end.","Swap the crew numbers for the length: about three years at sea.","Ask viewers which explorer gets too much credit.","Magellan Didn’t Finish His Own Voyage","The first trip around the world, and who actually finished it.","#history #exploration #magellan","He never made it home","Which explorer should I cover next?","Who do you think deserves the credit?"
"S04","The World’s Oldest Surviving Camera Photo","Inventions & science history","c. 1826–1827, France",30,62,"This blurry rooftop view took hours to photograph.","This blurry rooftop view took hours to photograph. Around 1826, Nicéphore Niépce pointed a camera out of a window in France. He used a plate coated with bitumen that hardened slowly in sunlight. The exposure probably took many hours, maybe days. It’s the oldest surviving camera photograph. Today that takes a split second. What would you photograph if you had one shot?","Harry Ransom Center, University of Texas at Austin: Niépce heliograph · Britannica “Nicéphore Niépce”","No common myth.","Compare the exposure to a phone photo taken in a split second.","Open on the photo itself and reveal the date afterwards.","Ask viewers what they would photograph with one shot.","The World’s Oldest Surviving Camera Photo","The blurry rooftop view that became the oldest surviving camera photo.","#history #photography #inventions","Hours for one photo","What should the next oldest-thing video be about?","What would you photograph if you had one shot?"
"S05","Peter the Great Taxed Beards","Odd laws & customs","1698, Russia",30,63,"Russian men once paid a tax to keep beards.","Russian men once paid a tax to keep beards. In 1698, Tsar Peter the Great wanted Russia to look more like western Europe. Beards were out. Men who kept one could pay a tax and carry a token as proof. Prices reportedly varied by rank, with wealthy merchants paying far more than others. Would you pay to keep your beard, or shave it?","Encyclopaedia Britannica: “Peter I” entry · State Historical Museum, Moscow: beard tax token","No common myth.","Open on the beard token and reveal its purpose after a pause.","Compare it with Britain’s window tax as a second odd tax.","Ask viewers which modern habit they would never pay to keep.","Peter the Great Taxed Beards","Why Russian men once carried a token to keep their beards.","#history #russianhistory #oddlaws","Pay to keep it","What is the strangest tax you have heard of?","Would you pay to keep your beard, or shave it?"
"S06","The Great Fire of London Began in a Bakery","Turning-point days","September 1666, London",30,62,"In 1666, a small bakery fire swallowed London.","In 1666, a small bakery fire swallowed London. It began early on September 2 in Thomas Farriner’s bakery on Pudding Lane. Strong winds and wooden houses let it spread for about four days. Around 13,000 houses burned. Only a few deaths were recorded, but the true number is unknown. London rebuilt in brick and stone. Should I cover how they rebuilt it?","Museum of London: Great Fire of London 1666 · Britannica “Great Fire of London”","Popular version: Only six people died in the Great Fire. Documented: Only a handful of deaths were recorded; the real toll is unknown and may be higher.","Open on the Monument column and explain why it is that tall.","Focus on the firebreaks: houses pulled down to stop the spread.","Ask viewers which disaster changed their own city.","The Great Fire of London Began in a Bakery","How a bakery fire on Pudding Lane reshaped London in 1666.","#history #london #greatfire","It started in a bakery","Which city disaster should I explain next?","Should I cover how they rebuilt it?"
"S07","Did Medieval People Only Drink Beer?","Everyday life in the past","c. 1000–1500, Europe",30,70,"Medieval people drank water too. Here’s the real story.","Medieval people drank water too. Here’s the real story. The popular version says water was so dirty that everyone drank beer all day. Written sources mention wells, springs and water carriers. People knew which sources were clean. Weak ale, often called small beer, was common too. It was cheap calories as much as a drink. So both are true, just not the myth. What other food fact should I check?","Encyclopaedia Britannica: “Ale” and “Beer” entries · English Heritage: medieval food and drink","Popular version: Medieval people drank only beer because all water was unsafe. Documented: Water was drunk too; weak ale was a common everyday drink and food source.","Focus on monasteries, which brewed their own ale.","Compare small beer with today’s low-alcohol drinks.","Ask viewers what everyday drink their grandparents remember.","Did Medieval People Only Drink Beer?","The truth about water, ale and the medieval “only beer” story.","#history #medieval #mythbusting","Water? Yes, really","Which food myth should I check next?","What other food fact should I check?"
"S08","The Lost Colony and One Carved Word","Lost & unsolved","1587–1590, Roanoke Island",30,68,"An entire English colony vanished, leaving one carved word.","An entire English colony vanished, leaving one carved word. In 1587, about 115 settlers arrived on Roanoke Island, in today’s North Carolina. Their governor, John White, sailed to England for supplies. War delayed his return for three years. In 1590 the houses were gone. ‘CROATOAN’ was carved on a post, the name of a nearby island. What happened to them is still debated. What do you think happened?","National Park Service: Fort Raleigh National Historic Site · Britannica “Lost Colony”","No common myth.","Open on the word CROATOAN carved on the post.","Tell it from John White’s view as he lands in 1590.","Ask viewers which theory they find most likely.","The Lost Colony and One Carved Word","The Roanoke colonists vanished, leaving one carved word behind.","#history #unsolved #roanoke","One word left","Which unsolved history mystery should I cover next?","What do you think happened?"
"S09","Rome Taxed the Urine Collected by Laundries","Ancient world","1st century AD, Rome",30,62,"Ancient Rome taxed urine. And laundries wanted it.","Ancient Rome taxed urine. And laundries wanted it. Roman cloth workers, called fullers, used urine to clean and soften wool clothes. The ammonia in it helped lift dirt and grease. Jars were collected from public places. Emperor Vespasian placed a tax on this trade, so even waste brought money in. Weird, but it worked. Which ancient job would you refuse to do?","Encyclopaedia Britannica: “Vespasian” entry and “fulling” in “Textile” coverage","No common myth.","Open on a public jar left on a Roman street corner.","Focus on Vespasian’s tax and why it was easy to collect.","Ask viewers which modern product used to be made strangely.","Rome Taxed the Urine Collected by Laundries","Why Roman laundries collected urine, and the emperor taxed it.","#history #ancientrome #oddhistory","They taxed WHAT?","What other ancient job should I cover?","Which ancient job would you refuse to do?"
"S10","The Bayeux Tapestry Isn’t a Tapestry","Medieval life","c. 1070s, England / Normandy",30,64,"The Bayeux Tapestry isn’t really a tapestry.","The Bayeux Tapestry isn’t really a tapestry. A tapestry is woven on a loom. This one is embroidered: wool stitched onto linen. It tells the story of the Norman conquest of England in 1066, scene by scene. It is about 70 metres long and was probably made within a few years of 1066. Same story, wrong name. Which famous object has a misleading name?","Bayeux Museum: the Bayeux Tapestry · Britannica “Bayeux Tapestry”","Popular version: The Bayeux Tapestry is a woven tapestry. Documented: It is embroidery: woollen thread stitched onto linen, not woven.","Open on a close-up of the stitches, then pull back to its length.","Compare its length to something local, like a swimming pool.","Ask viewers which famous artwork has a misleading name.","The Bayeux Tapestry Isn’t a Tapestry","The famous 1066 artwork is embroidery, not a tapestry.","#history #medieval #1066","Not a tapestry","Which famous object should I explain next?","Which famous object has a misleading name?"
"S11","The Clock That Helped Ships Find Longitude","Exploration & navigation","1730s–1761, England",30,66,"Ships got lost because no clock worked at sea.","Ships got lost because no clock worked at sea. Sailors could find latitude from the sun, but longitude needed exact time. Pendulum clocks failed on rolling ships. Britain offered a large prize in 1714 for a solution. Carpenter turned clockmaker John Harrison built several sea clocks. His watch H4 passed a voyage test. A pocket watch solved it. What invention do you think saved more sailors?","Royal Museums Greenwich: John Harrison and the longitude problem · Britannica “John Harrison”","No common myth.","Open on the H4 watch and its size in a hand.","Focus on the 1714 prize that started the race.","Ask viewers which invention they think saved the most lives at sea.","The Clock That Helped Ships Find Longitude","How John Harrison’s sea clock helped sailors find longitude.","#history #navigation #inventions","A clock saved ships","Which navigation invention should I explain next?","What invention do you think saved more sailors?"
"S12","Ben Franklin’s Kite Wasn’t Struck by Lightning","Inventions & science history","1752, Philadelphia",30,69,"Lightning never struck Ben Franklin’s kite.","Lightning never struck Ben Franklin’s kite. Franklin described flying a kite in a storm in 1752, with a metal key tied on. Electric charge from the storm clouds collected on the wet string and the key. He felt sparks. A direct strike would likely have killed him. The point was to show lightning is electricity. It led to the lightning rod. Which experiment would you want to watch live?","Franklin Institute, Philadelphia: Franklin’s kite experiment · Britannica “Benjamin Franklin”","Popular version: Lightning struck Franklin’s kite directly. Documented: Franklin described collecting electric charge from storm clouds; a direct strike would likely have killed him.","Open on the key and explain why it mattered.","Focus on lightning rods, the practical result of the experiment.","Ask viewers what experiment they wish they could watch.","Ben Franklin’s Kite Wasn’t Struck by Lightning","What Franklin’s 1752 kite experiment really showed.","#history #science #benfranklin","No lightning strike","Which science myth should I check next?","Which experiment would you want to watch live?"
"S13","England Had Laws About Who Could Wear Purple","Odd laws & customs","1500s, Tudor England",30,67,"In Tudor England, purple silk was off-limits to most.","In Tudor England, purple silk was off-limits to most. Laws called statutes of apparel set what each rank was allowed to wear. Purple silk was for the royal family. Some furs, velvets and gold cloth needed high rank. The goal was to keep social ranks visible at a glance, and to limit spending on imports. Clothes showed your place. Which of your clothes would the Tudors ban?","Encyclopaedia Britannica: “Sumptuary law” entry · The National Archives (UK): Tudor statutes of apparel","No common myth.","Focus on one fabric, like velvet or cloth of gold.","Compare the rules with today’s school or work dress codes.","Ask viewers which item they would be banned from wearing.","England Had Laws About Who Could Wear Purple","Tudor clothing laws decided who could wear which colours and fabrics.","#history #tudors #oddlaws","Purple? Not for you","What other strange law should I explain?","Which of your clothes would the Tudors ban?"
"S14","The Night the Berlin Wall Opened","Turning-point days","November 9, 1989, Berlin",30,60,"On November 9, 1989, a wall opened overnight.","On November 9, 1989, a wall opened overnight. Since 1961, the Berlin Wall had split the city into East and West. That evening, a confused announcement suggested new travel rules started immediately. Crowds gathered at the crossings, and the guards opened the gates. Demolition came later, in 1990. One night changed a city. Which turning-point day should I tell next?","Encyclopaedia Britannica: “Berlin Wall” entry · Berlin Wall Memorial (Gedenkstätte Berliner Mauer)","Popular version: The Berlin Wall was torn down on the night of November 9, 1989. Documented: That night the crossings opened; official demolition began in 1990.","Open on the date and a map of the divided city.","Focus on the press-conference mix-up that started the rush.","Ask viewers which date they would add to a history calendar.","The Night the Berlin Wall Opened","November 9, 1989: the night the Berlin border crossings opened.","#history #berlinwall #thisdate","The gates opened","Which turning-point day should I cover next?","Which turning-point day should I tell next?"
"S15","Knocker-Uppers: Alarm Clocks With a Long Stick","Everyday life in the past","1800s–early 1900s, Britain",30,65,"Before alarm clocks, people paid someone to wake them.","Before alarm clocks, people paid someone to wake them. In industrial British towns, mill and factory shifts started early, before sunrise. A knocker-upper walked the streets with a long pole and tapped on upstairs windows. They stayed until someone answered, then moved to the next house on the list. The job faded as alarm clocks got cheaper. How do you make sure you wake up?","Encyclopaedia Britannica: “Industrial Revolution” coverage · Science and Industry Museum, Manchester","No common myth.","Open on the long pole tapping a bedroom window.","Mention pea-shooters, a tool some knocker-uppers reportedly used.","Ask viewers how they wake up on time.","Knocker-Uppers: Alarm Clocks With a Long Stick","Before cheap alarm clocks, people paid someone to wake them.","#history #oddjobs #victorian","A human alarm clock","Which old job should I explain next?","How do you make sure you wake up?"
"S16","The Library of Alexandria Didn’t Burn in One Night","Lost & unsolved","c. 300 BC – AD 400, Alexandria",30,62,"The Library of Alexandria didn’t vanish in one fire.","The Library of Alexandria didn’t vanish in one fire. The popular version says one huge blaze wiped out the ancient world’s knowledge. A fire around 48 BC may have damaged part of the collection. The library continued afterward. Over centuries it lost funding, scholars and protection, and slowly declined. A slow fade, not one fire. Which lost book would you bring back?","Encyclopaedia Britannica: “Library of Alexandria” entry","Popular version: The Library of Alexandria was destroyed in one great fire. Documented: It declined over centuries through funding cuts, conflict and neglect; no single fire ended it.","Open on what it collected: ships searched for scrolls to copy.","Focus on the fire of 48 BC and why it wasn’t the end.","Ask viewers which lost book they would bring back.","The Library of Alexandria Didn’t Burn in One Night","Why the Library of Alexandria faded instead of burning in one night.","#history #ancient #mythbusting","It faded slowly","Which lost library or book should I cover next?","Which lost book would you bring back?"
"S17","You Can’t See the Great Wall From the Moon","Ancient world","7th century BC – 1600s, China",30,63,"You can’t see the Great Wall from the Moon.","You can’t see the Great Wall from the Moon. The wall is very long, but most sections are only a few metres wide. From the Moon, about 384,000 kilometres away, that is like spotting a hair from kilometres off. Astronauts in low orbit have said it is very hard to spot without help. Huge, but thin. What other space myth have you heard?","NASA Earth Observatory: Great Wall from space · Britannica “Great Wall of China”","Popular version: The Great Wall is the only human-made structure visible from the Moon. Documented: It is far too narrow to see with the naked eye from the Moon.","Compare the wall’s width to a two-lane road.","Focus on the Ming dynasty, when most of today’s wall was built.","Ask viewers which other space myth they have heard.","You Can’t See the Great Wall From the Moon","Why the Great Wall can’t be seen from the Moon.","#history #greatwall #mythbusting","Not from the Moon","What other ‘visible from space’ claim should I check?","What other space myth have you heard?"
"S18","Cologne Cathedral Took Over 600 Years to Finish","Medieval life","1248–1880, Cologne",30,66,"This cathedral took over six hundred years to finish.","This cathedral took over six hundred years to finish. Work on Cologne Cathedral in Germany started in 1248, in the Gothic style. Around the 1470s, building stopped. A medieval crane stayed on the unfinished tower for centuries. In the 1800s, workers used the original medieval plans to complete it. It was finished in 1880. Six centuries for one building. What took you the longest to finish?","UNESCO World Heritage Centre: Cologne Cathedral · Britannica “Cologne Cathedral”","No common myth.","Open on the crane that stood on the unfinished tower for centuries.","Compare the build time with the age of your own country.","Ask viewers what took them the longest to finish.","Cologne Cathedral Took Over 600 Years to Finish","The cathedral that took more than six centuries to complete.","#history #medieval #architecture","632 years to build","Which building should I cover next?","What took you the longest to finish?"
"S19","Vikings Reached America 500 Years Before Columbus","Exploration & navigation","c. 1000, Newfoundland",30,59,"Vikings reached North America almost 500 years before Columbus.","Vikings reached North America almost 500 years before Columbus. Old Norse sagas described a land called Vinland, west of Greenland. In the 1960s, archaeologists dug at L’Anse aux Meadows in Newfoundland, Canada. They found Norse-style buildings and objects from around the year 1000. The stay was short. So Columbus wasn’t first. Which history ‘first’ do you think is wrong?","Parks Canada: L’Anse aux Meadows National Historic Site · UNESCO World Heritage Centre","Popular version: Columbus was the first European to reach the Americas. Documented: Norse Vikings settled briefly at L’Anse aux Meadows around 1000, almost 500 years earlier.","Open on the turf houses rebuilt at the site today.","Focus on the Norse sagas that described Vinland.","Ask viewers which history ‘first’ they think is wrong.","Vikings Reached America 500 Years Before Columbus","The Norse site in Newfoundland that predates Columbus by centuries.","#history #vikings #exploration","Vikings got there first","Which other history ‘first’ should I check?","Which history ‘first’ do you think is wrong?"
"S20","Ada Lovelace Wrote About Computers in 1843","Inventions & science history","1843, London",30,64,"The first computer program was written in 1843.","The first computer program was written in 1843. Charles Babbage designed the Analytical Engine, a mechanical calculator that was never finished. Ada Lovelace translated an article about it and added notes longer than the article itself. One note set out steps for the machine to calculate a sequence of numbers. She also guessed machines could do more than math. Who should I cover next?","Science Museum, London: Charles Babbage’s Analytical Engine · Britannica “Ada Lovelace”","No common myth.","Open on Note G, the famous table in her notes.","Focus on her idea that machines could handle music, not just numbers.","Ask viewers who they think was the first programmer.","Ada Lovelace Wrote About Computers in 1843","How Ada Lovelace described programming a machine never built.","#history #science #adalovelace","Code in 1843","Which science pioneer should I cover next?","Who should I cover next?"
"S21","When Europe Put Pigs on Trial","Odd laws & customs","c. 1300–1700, Europe",45,94,"European courts once put pigs on trial. Really.","European courts once put pigs on trial. Really. From roughly the 1300s to the 1700s, records describe animals charged in courts across Europe. Pigs were common defendants, usually for causing harm on farms. Some cases had a formal hearing and a verdict. Church courts handled pests too. Rats and insects that ate crops were sometimes formally warned to leave. Historians link these trials to ideas about order and justice: even harm by an animal needed a public answer. A collection of cases was published in 1906. Which animal would you put on trial today?","E. P. Evans, The Criminal Prosecution and Capital Punishment of Animals (1906) · Britannica “animal trial”","No common myth.","Focus on insect cases, where church courts warned pests to leave fields.","Open on the 1386 Falaise case and its reported clothing detail.","Ask viewers which animal they would put on trial today.","When Europe Put Pigs on Trial","Real medieval and early modern court cases against animals.","#history #oddlaws #medieval","The pig had a lawyer","What strange court case should I cover next?","Which animal would you put on trial today?"
"S22","The First Powered Flight Lasted 12 Seconds","Turning-point days","December 17, 1903, Kitty Hawk",45,89,"The first powered flight lasted only twelve seconds.","The first powered flight lasted only twelve seconds. On December 17, 1903, Orville and Wilbur Wright tested their engine-powered Flyer near Kitty Hawk. Orville flew first. The plane covered about 120 feet, less than the wingspan of a large jet. They flew four times that day. The longest flight, by Wilbur, lasted about 59 seconds. A gust of wind then damaged the plane, and it never flew again. It is now in a museum. Sixty-six years later, people walked on the Moon. What invention do you think moved fastest?","Smithsonian National Air and Space Museum: the 1903 Wright Flyer · Britannica “Wright brothers”","No common myth.","Open on the famous photo taken at the moment of liftoff.","Focus on the fourth flight of the day, the longest one.","Ask viewers how far they think aviation came in 66 years.","The First Powered Flight Lasted 12 Seconds","The 12-second flight at Kitty Hawk that started powered aviation.","#history #aviation #wrightbrothers","12 seconds","Which invention day should I cover next?","What invention do you think moved fastest?"
"S23","The Man Who Shipped Ice Around the World","Everyday life in the past","1806–1860s, New England",45,91,"Ice from frozen ponds once sailed to the tropics.","Ice from frozen ponds once sailed to the tropics. In 1806, a Boston merchant named Frederic Tudor shipped ice to the Caribbean. People laughed at him. Workers sawed blocks from frozen ponds in winter and packed them in sawdust to slow the melting. Tudor built insulated ice houses at the ports. Over the years his ice trade became profitable. By the 1830s, ships even carried New England ice to India, a voyage of several months. Ice was once a luxury import. Which everyday item do you think was once a luxury?","Encyclopaedia Britannica: “Frederic Tudor” entry · Massachusetts Historical Society: Tudor Ice Company papers","No common myth.","Open on ice blocks sawn from a frozen pond in winter.","Focus on the long voyage to India and the sawdust insulation.","Ask viewers what everyday item they think was once a luxury.","The Man Who Shipped Ice Around the World","How frozen New England ponds supplied ice to the tropics.","#history #everydayhistory #inventions","Ice in the tropics","What everyday item should I trace next?","Which everyday item do you think was once a luxury?"
"S24","The Voynich Manuscript Nobody Can Read","Lost & unsolved","early 1400s (vellum dating), Europe",45,88,"Six centuries old, and nobody can read this book.","Six centuries old, and nobody can read this book. It is called the Voynich manuscript, after a book dealer who bought it in 1912. Its vellum pages were radiocarbon dated to the early 1400s. They hold about 240 pages of unknown script. There are drawings of plants nobody has identified, star charts and bathing figures. Some pages fold out. Professional code-breakers and many researchers have tried. No proposed reading has been widely accepted. It sits at Yale today. Is it a code, a lost language, or a hoax?","Beinecke Rare Book & Manuscript Library, Yale University: MS 408 · Britannica “Voynich manuscript”","No common myth.","Open on one of the strange plant drawings.","Focus on the code-breakers who tried and failed to read it.","Ask viewers whether they think it is a code, a language or a hoax.","The Voynich Manuscript Nobody Can Read","A 600-year-old book written in a script nobody has deciphered.","#history #unsolved #voynich","Nobody can read it","Which historical mystery should I cover next?","Is it a code, a lost language, or a hoax?"
"S25","The Pyramid Builders Weren’t Slaves","Ancient world","c. 2600–2500 BC, Giza",45,92,"The pyramids weren’t built by slaves. Here’s the evidence.","The pyramids weren’t built by slaves. Here’s the evidence. The popular version shows whipped slaves dragging stones. It spread through old histories and films. Archaeologists found a workers’ town near Giza, with bakeries, sleeping halls and many animal bones from food. They also found workers’ tombs close to the pyramids. Enslaved people would not usually get such burials. The likely picture is skilled crews plus rotating labourers called up for a season, paid partly in food. Hard work, but not slavery as shown in films. What ancient myth should I check next?","Encyclopaedia Britannica: “Pyramids of Giza” entry · Ancient Egypt Research Associates: Giza workers’ town","Popular version: Slaves built the pyramids. Documented: Evidence points to paid and conscripted Egyptian workers who lived in a nearby town and had their own tombs.","Open on the workers’ tombs found near the pyramids.","Focus on food: bread, beer and meat in the workers’ town.","Ask viewers where they first heard the slave version.","The Pyramid Builders Weren’t Slaves","What archaeology shows about who really built the Giza pyramids.","#history #ancientegypt #mythbusting","Not slaves","Which ancient myth should I check next?","What ancient myth should I check next?"
"S26","Did Medieval People Really Die at 30?","Medieval life","c. 1000–1500, Europe",45,88,"Medieval people didn’t all die at thirty. Averages mislead.","Medieval people didn’t all die at thirty. Averages mislead. You may have heard that medieval life expectancy was around 30, so adults died young. But an average includes babies and children. Many children died very young, which pulls the average far down. If you survived childhood, your chances changed. Many adults lived into their fifties or sixties, some much longer. So 30 was the average at birth, not a typical age of death for grown adults. One number, two meanings. What history statistic confused you as a kid?","Encyclopaedia Britannica: “Life expectancy” entry · Our World in Data: life expectancy (historical)","Popular version: Medieval adults usually died around age 30. Documented: Low averages come mostly from child deaths; adults who survived childhood often lived into their 50s or 60s.","Use a simple class of ten children to show how averages work.","Name a famous medieval writer who lived past 60.","Ask viewers what history number they misread as a kid.","Did Medieval People Really Die at 30?","Why a low medieval life expectancy doesn’t mean everyone died young.","#history #medieval #mythbusting","Not dead at 30","Which history number should I explain next?","What history statistic confused you as a kid?"
"S27","China’s Treasure Fleets Sailed Before Columbus","Exploration & navigation","1405–1433, Ming China",45,89,"Decades before Columbus, Chinese fleets reached East Africa.","Decades before Columbus, Chinese fleets reached East Africa. Between 1405 and 1433, the admiral Zheng He led seven great voyages for the Ming emperors. The fleets were huge. The first reportedly carried around 27,000 people on many ships. They sailed to Southeast Asia, India, Arabia and the coast of East Africa, trading and showing Ming power. The exact size of the biggest ships is debated. Some accounts may exaggerate them. After 1433 the voyages stopped, and the fleets were never sent again. Why do you think China ended them?","Encyclopaedia Britannica: “Zheng He” entry · National Museum of China","No common myth.","Open on a giraffe brought back to the Ming court.","Focus on why China stopped the voyages after 1433.","Ask viewers which explorer they think deserves more fame.","China’s Treasure Fleets Sailed Before Columbus","Zheng He’s Ming fleets reached East Africa decades before Columbus.","#history #exploration #zhenghe","Fleets before Columbus","Which explorer should I cover next?","Why do you think China ended them?"
"S28","The First Long-Distance Telegraph Message","Inventions & science history","May 24, 1844, Washington to Baltimore",45,86,"In 1844, a message crossed forty miles almost instantly.","In 1844, a message crossed forty miles almost instantly. Before that, news traveled as fast as a horse, a train or a ship could carry it. Samuel Morse and his partners built a telegraph line from Washington to Baltimore, about 40 miles. On May 24, 1844, Morse tapped out a Bible phrase: what hath God wrought. It arrived in Baltimore. Within a few decades, telegraph wires crossed continents and, from 1866, the Atlantic Ocean. Words at the speed of electricity. What would your first message be?","Library of Congress: Samuel F. B. Morse Papers · Britannica “Samuel F. B. Morse”","No common myth.","Open on the paper tape that recorded the first message.","Focus on Alfred Vail, who helped build the system.","Ask viewers what message they would send first.","The First Long-Distance Telegraph Message","How the first official telegraph message crossed 40 miles instantly.","#history #inventions #telegraph","40 miles. Instantly.","Which communication invention should I cover next?","What would your first message be?"
"S29","Britain’s Tax on Windows","Odd laws & customs","1696–1851, England and Wales",45,87,"Britain once taxed people for their windows.","Britain once taxed people for their windows. In 1696, England introduced a window tax. Houses with more windows paid more. The idea was simple. Windows could be counted from the street, so officials didn’t need to go inside. Many owners bricked up windows to pay less. You can still see blocked windows on some old buildings. Critics said it cut light and fresh air in crowded homes. The tax was finally abolished in 1851. It lasted 155 years. Have you ever spotted a bricked-up window near you?","The National Archives (UK): window tax records · Britannica “window tax”","No common myth.","Open on a bricked-up window on an old building near you.","Compare the window tax with a modern property tax.","Ask viewers to spot bricked-up windows on their street.","Britain’s Tax on Windows","The tax that made people brick up their windows for 155 years.","#history #oddlaws #britishhistory","Windows were taxed","Which odd tax should I cover next?","Have you ever spotted a bricked-up window near you?"
"S30","The Year Britain Skipped 11 Days","Turning-point days","September 1752, Britain and colonies",45,88,"In 1752, Britain skipped eleven days in one night.","In 1752, Britain skipped eleven days in one night. The old Julian calendar ran a little long, so it slowly drifted away from the seasons. Catholic countries had switched to the Gregorian calendar in 1582. Britain waited about 170 years. To catch up, Wednesday, September 2, 1752 was followed by Thursday, September 14. The days between never happened. There’s a famous story about riots demanding the lost days back. Evidence for real riots is thin. The same change reached the American colonies. Which day would you happily skip?","Royal Museums Greenwich: the 1752 calendar change · Britannica “Gregorian calendar”","Popular version: Crowds rioted shouting ‘Give us our eleven days!’ Documented: Reports of such riots are thin; historians trace the story mainly to an election satire.","Open on a calendar page for September 1752.","Focus on the 1582 Catholic switch, 170 years earlier.","Ask viewers which day they would skip.","The Year Britain Skipped 11 Days","Why September 1752 is missing 11 days in Britain.","#history #calendar #thisdate","11 days vanished","Which calendar oddity should I explain next?","Which day would you happily skip?"
"S31","The Dogs That Turned the Roast","Everyday life in the past","1500s–1800s, Britain",45,98,"Kitchens once used small dogs to turn the roast.","Kitchens once used small dogs to turn the roast. Meat was roasted on a spit in front of the fire, and it had to keep turning. In many British kitchens, a small breed called the turnspit dog ran inside a wooden wheel on the wall. The wheel was linked to the spit, so as the dog ran, the meat turned. Shifts could be long. Mechanical spits replaced them in the 1800s, and the breed died out. A preserved one is in a Welsh museum. A whole breed gone with one job. Which old job should I explain next?","Encyclopaedia Britannica: “turnspit” entry · Abergavenny Museum, Wales: the turnspit dog Whiskey","No common myth.","Open on the wooden wheel mounted high on a kitchen wall.","Focus on the preserved dog at Abergavenny Museum.","Ask viewers which job a machine replaced in their family.","The Dogs That Turned the Roast","Small dogs once ran in wall wheels to turn kitchen roasts.","#history #dogs #everydayhistory","A dog-powered kitchen","Which forgotten job should I cover next?","Which old job should I explain next?"
"S32","Amelia Earhart’s Last Flight","Lost & unsolved","July 2, 1937, Central Pacific",45,93,"Amelia Earhart vanished in 1937. Nobody found her plane.","Amelia Earhart vanished in 1937. Nobody found her plane. Earhart was famous already. In 1932 she became the first woman to fly solo across the Atlantic. In 1937, she and navigator Fred Noonan set out to fly around the world near the equator. On July 2, they left New Guinea for Howland Island, a tiny speck in the Pacific. They never arrived. A huge search found nothing. Theories include running out of fuel at sea or landing on another island. None has been proven. What do you think happened on that last flight?","Smithsonian National Air and Space Museum: Amelia Earhart · Britannica “Amelia Earhart”","No common myth.","Open on Howland Island, the tiny target she never reached.","Focus on her 1932 solo Atlantic flight before the final trip.","Ask viewers which theory they think the evidence supports.","Amelia Earhart’s Last Flight","What is known, and not known, about Earhart’s disappearance.","#history #unsolved #aviation","She never landed","Which aviation mystery should I cover next?","What do you think happened on that last flight?"
"S33","The Roman Dome Still Standing After 1,900 Years","Ancient world","c. AD 125, Rome",45,92,"This Roman dome has stood for nearly 1,900 years.","This Roman dome has stood for nearly 1,900 years. The Pantheon in Rome was rebuilt under Emperor Hadrian around AD 125, and it is still in use. Its dome is about 43 metres across. It has no steel inside: it is unreinforced concrete. The builders made the concrete lighter toward the top, using lighter stone mixed in, and thinner walls. At the very top is an open hole, the oculus, about nine metres wide. Rain falls straight in. Still the largest dome of its kind. Which ancient building would you visit first?","Encyclopaedia Britannica: “Pantheon” entry · Smarthistory: the Pantheon","No common myth.","Open on the oculus, the open hole in the top of the dome.","Compare the dome with a modern stadium roof.","Ask viewers which ancient building they want to visit.","The Roman Dome Still Standing After 1,900 Years","How the Pantheon’s unreinforced concrete dome has lasted so long.","#history #ancientrome #architecture","No steel. Still standing.","Which ancient building should I cover next?","Which ancient building would you visit first?"
"S34","Gutenberg’s Bible and the Printing Press","Medieval life","c. 1450s, Mainz",45,87,"One workshop in Mainz changed how Europe made books.","One workshop in Mainz changed how Europe made books. Before the 1450s, almost every book in Europe was copied by hand, often taking months. Johannes Gutenberg developed a system of movable metal type, oil-based ink and a press adapted from wine presses. Around 1455 his workshop finished a large Latin Bible. Historians estimate about 180 copies were printed. Gutenberg lost his workshop to his financial partner after a lawsuit. Printing spread across Europe anyway. Fewer than 50 copies survive today. Which book would you have printed first?","Library of Congress: the Gutenberg Bible · Britannica “Johannes Gutenberg”","No common myth.","Open on a page of the Gutenberg Bible held by a library.","Focus on the lawsuit that cost Gutenberg his workshop.","Ask viewers which book they would print first.","Gutenberg’s Bible and the Printing Press","How movable metal type changed how books were made in Europe.","#history #printing #medieval","Books for everyone","Which invention should I cover next?","Which book would you have printed first?"
"S35","The Scurvy Experiment That Took Decades to Use","Exploration & navigation","1747–1795, Royal Navy",45,90,"On long voyages, sailors feared scurvy more than storms.","On long voyages, sailors feared scurvy more than storms. Scurvy caused weakness and bleeding gums on long voyages. We now know it comes from lacking vitamin C. In 1747, ship’s surgeon James Lind tested treatments on twelve sick sailors, in pairs. The pair given oranges and lemons improved fastest. It was one of the earliest controlled trials in medicine. But the Navy didn’t act at once. Lemon juice became a routine ration only around 1795. Nearly fifty years for a fix. Which good idea do you think took too long?","Royal College of Physicians of Edinburgh: James Lind · Britannica “scurvy”","Popular version: Lind’s 1747 test ended scurvy in the Navy right away. Documented: The Royal Navy only issued lemon juice routinely around 1795, decades later.","Open on a crate of lemons on a ship’s deck.","Focus on why the result was ignored for so long.","Ask viewers which good idea they think took too long to catch on.","The Scurvy Experiment That Took Decades to Use","James Lind’s 1747 citrus test and why the Navy waited decades.","#history #science #navy","Lemons beat scurvy","Which medical history story should I cover next?","Which good idea do you think took too long?"
"S36","The X-Ray of a Hand That Shocked the World","Inventions & science history","November–December 1895, Würzburg",45,86,"In 1895, a glowing screen led to the X-ray.","In 1895, a glowing screen led to the X-ray. On November 8, Wilhelm Röntgen was testing a covered electric tube in his German lab. A coated screen across the room started to glow, even though the tube was covered. He called the unknown rays X-rays. Weeks later he made an image of his wife’s hand, showing bones and a ring. Doctors began using X-rays within months. In 1901 Röntgen received the first Nobel Prize in Physics. An accident changed medicine. Which accidental discovery surprises you most?","Deutsches Röntgen-Museum, Remscheid · Britannica “Wilhelm Conrad Röntgen”","No common myth.","Open on the 1895 X-ray image of a hand with a ring.","Focus on how fast doctors started using X-rays in 1896.","Ask viewers which accidental discovery surprises them most.","The X-Ray of a Hand That Shocked the World","How a glowing screen led to the first X-ray images in 1895.","#history #science #xray","He saw her bones","Which accidental discovery should I cover next?","Which accidental discovery surprises you most?"
"S37","English Kings Kept Banning Football","Odd laws & customs","1314–1500s, England",45,88,"English kings banned football again and again.","English kings banned football again and again. Medieval football wasn’t a tidy match. Crowds chased a ball through streets, with few rules. In 1314, a proclamation in London banned it, worried about noise and disorder in the city. Later, Edward III wanted men practising archery for war instead of playing ball games. Similar bans were repeated for centuries, in England and in Scotland, which suggests people kept playing anyway. Football outlasted every single ban, and today it fills stadiums. Which modern sport would annoy a medieval king most?","The National Archives (UK): medieval proclamations · Britannica “football” (history section)","No common myth.","Open on a crowd chasing a ball through a medieval street.","Focus on Scotland, which passed similar bans.","Ask viewers which modern sport would annoy a medieval king.","English Kings Kept Banning Football","Why medieval kings banned football and ordered archery practice.","#history #football #medieval","Football was banned","Which sport history should I cover next?","Which modern sport would annoy a medieval king most?"
"S38","The Golden Spike That Joined a Continent","Turning-point days","May 10, 1869, Promontory Summit, Utah",45,88,"One golden spike finished a railroad across America.","One golden spike finished a railroad across America. Two companies built toward each other, one from California and one from the Midwest. Thousands of workers, many from China and Ireland, laid the track across mountains and plains. On May 10, 1869, the lines met at Promontory Summit, Utah. A telegraph sent one word: done. The golden spike was removed right after the ceremony. It is kept at a Stanford museum today. A trip of weeks or months became about a week. Which turning-point day should I cover next?","National Park Service: Golden Spike National Historical Park · Stanford University: Cantor Arts Center","No common myth.","Open on the telegraph word DONE sent when the spike went in.","Focus on the workers, many from China and Ireland, who built it.","Ask viewers how long a coast-to-coast trip took before 1869.","The Golden Spike That Joined a Continent","The ceremony that completed America’s first transcontinental railroad.","#history #railroad #americanhistory","One spike. One railroad.","Which turning-point day should I cover next?","Which turning-point day should I cover next?"
"S39","Pompeii Had Street Food Counters","Everyday life in the past","AD 79, Pompeii",45,86,"Ancient Romans had street food counters, like fast food.","Ancient Romans had street food counters, like fast food. In Pompeii, archaeologists have found many counters called thermopolia along the streets. Each had a masonry counter with large jars set into the top, for hot or dry food. Many city flats had no proper kitchen, so buying food outside was part of everyday life. Some counters were painted with animals and scenes. Remains in jars suggest dishes with meat, fish and beans. Lunch on the go, about 2,000 years ago. What would you order in Pompeii?","Pompeii Archaeological Park: thermopolia · Britannica “Pompeii”","No common myth.","Open on a painted counter with jars set into the top.","Compare the menu with a modern food truck.","Ask viewers what they would order in ancient Pompeii.","Pompeii Had Street Food Counters","Ancient Romans grabbed hot food from street counters called thermopolia.","#history #pompeii #ancientrome","Roman fast food","Which ancient everyday habit should I cover next?","What would you order in Pompeii?"
"S40","The Mary Celeste: Found Sailing With No Crew","Lost & unsolved","December 1872, Atlantic Ocean",45,87,"In 1872, a ship was found drifting, nobody aboard.","In 1872, a ship was found drifting, nobody aboard. The Mary Celeste had left New York for Genoa, carrying barrels of industrial alcohol. A month later, another ship found her drifting near the Azores. The crew of ten was gone. Her cargo was mostly intact and there was food on board. Her lifeboat was missing. One common theory: fear of a leak or fumes made them leave in the lifeboat, then they were lost. Nobody was ever found. What do you think made them leave the ship?","Encyclopaedia Britannica: “Mary Celeste” entry · Royal Museums Greenwich","No common myth.","Open on the missing lifeboat, the key clue.","Focus on the alcohol cargo and the leak theory.","Ask viewers which explanation they find most likely.","The Mary Celeste: Found Sailing With No Crew","The ship found adrift in 1872 with its crew missing.","#history #unsolved #sailing","Nobody aboard","Which unsolved sea mystery should I cover next?","What do you think made them leave the ship?"
"S41","How the Rosetta Stone Unlocked Hieroglyphs","Ancient world","196 BC carving · found 1799, Egypt",60,126,"This broken stone let people read hieroglyphs again.","This broken stone let people read hieroglyphs again. For over a thousand years, nobody could read Egyptian hieroglyphs. The knowledge had been lost. In 1799, French soldiers in Egypt found a carved slab near the town of Rosetta. It carried one decree from 196 BC, written three times: in hieroglyphs, in Demotic script and in ancient Greek. Scholars could read the Greek. So they had the same message in a script they knew, beside two they didn’t. Names like Ptolemy sat inside oval frames called cartouches. Matching those names gave the first sound values. In 1822, Jean-François Champollion announced he could read the system. Egypt’s own words could be read again. The stone is in the British Museum. Which lost script would you want to read?","The British Museum: the Rosetta Stone · Britannica “Rosetta Stone” and “Jean-François Champollion”","Popular version: The Rosetta Stone is written in three languages. Documented: It has three scripts (hieroglyphs, Demotic and Greek) but two languages, Egyptian and Greek.","Open on the cartouche of Ptolemy, the first name Champollion matched.","Focus on Thomas Young’s earlier progress before Champollion’s breakthrough.","Ask viewers which lost script they would most like to read.","How the Rosetta Stone Unlocked Hieroglyphs","How one broken stone helped decipher Egyptian hieroglyphs in 1822.","#history #ancientegypt #rosettastone","The key to hieroglyphs","Which ancient script should I cover next?","Which lost script would you want to read?"
"S42","Vikings Never Wore Horned Helmets. So Who Did?","Medieval life","c. 800–1050, Scandinavia",60,143,"Vikings never wore horned helmets into battle.","Vikings never wore horned helmets into battle. That image is everywhere: cartoons, sports logos, costumes. But archaeologists have never found a Viking-age helmet with horns. The best-preserved one, the Gjermundbu helmet, was found in Norway in 1943. It’s a rounded iron cap with eye guards. No horns. Horns would be a terrible idea in a fight: they give a blade something to catch. So where did the horns come from? Mostly the 1800s. Painters and costume designers gave Norse heroes horns and wings to look dramatic. A famous example: the first full staging of Wagner’s Ring cycle in 1876, whose costumes gave several characters horned helmets. Real horned helmets do exist, found in Denmark. But they’re Bronze Age ceremonial pieces, well over a thousand years older than the Viking age. What history fact did you learn as a kid that turned out wrong?","Encyclopaedia Britannica, “Viking” entry · Museum of Cultural History, University of Oslo: the Gjermundbu helmet","Popular version: Vikings wore horned helmets in battle. Documented: No horned Viking-age helmet has been found; the image spread through 19th-century art and opera costumes.","Open on the Gjermundbu helmet, then reveal the myth at 10 s.","Swap the culprit: 1800s paintings instead of the opera.","Swap the CTA: ask where viewers first saw a horned Viking.","Vikings Never Wore Horned Helmets. So Who Did?","Where the horned-helmet myth really came from.","#history #vikings #mythbusting","Horns? Never.","Which history myth should I check next?","What history fact did you learn as a kid that turned out wrong?"
"S43","How Polynesians Found Islands Without Maps","Exploration & navigation","c. 1000 BC – AD 1300, Pacific Ocean",60,124,"They crossed thousands of miles of ocean without maps.","They crossed thousands of miles of ocean without maps. Over many centuries, Polynesian navigators settled islands spread across a huge triangle of the Pacific. The last big ones, like Hawaii and New Zealand, were settled roughly 800 to 1,000 years ago. Navigators read the night sky. They memorized where stars rose and set on the horizon, and steered by them. By day they felt ocean swells against the hull. Swell patterns bend around islands long before land appears. Birds helped too. Some seabirds fly out to fish in the morning and return to land at dusk. Some once argued these islands were found by accident. Planned voyages explain the evidence better. Stars, waves and birds. Which clue would you trust most on open water?","Bishop Museum, Honolulu: Polynesian voyaging · Britannica “Polynesian culture”","Popular version: Polynesians reached remote islands by drifting there by accident. Documented: Evidence points to planned two-way voyages using stars, swells and birds.","Open on a star compass drawn in the sand.","Focus on one island group, such as Hawaii or New Zealand.","Ask viewers which navigation clue they would trust most.","How Polynesians Found Islands Without Maps","How Pacific navigators crossed open ocean using stars, swells and birds.","#history #exploration #polynesia","No maps. No compass.","Which explorers should I cover next?","Which clue would you trust most on open water?"
"S44","Galileo Didn’t Invent the Telescope","Inventions & science history","1608–1610, Netherlands and Italy",60,119,"Galileo didn’t invent the telescope. Here’s who did.","Galileo didn’t invent the telescope. Here’s who did. In 1608, Dutch spectacle maker Hans Lipperhey sought a patent for a device making distant things look closer. He wasn’t the only one. Other Dutch makers claimed it too, so the patent was not granted. News spread fast. In 1609, Galileo Galilei in Italy heard about it and built his own, much stronger version. Then he did what made him famous: he pointed it at the sky and wrote down what he saw. He saw mountains on the Moon and, in 1610, four moons circling Jupiter. So he didn’t invent it. He turned a curiosity into a tool for astronomy. Which inventor do you think gets credit for someone else’s idea?","Museo Galileo, Florence: Galileo’s telescopes · Britannica “Galileo” and “telescope”","Popular version: Galileo invented the telescope. Documented: Dutch spectacle makers made the first known telescopes in 1608; Galileo improved the design in 1609.","Open on the 1608 Dutch patent request.","Focus on Jupiter’s moons and why they mattered.","Ask viewers which inventor gets credit for someone else’s idea.","Galileo Didn’t Invent the Telescope","Who really made the first telescope, and what Galileo did next.","#history #science #galileo","Not his invention","Which invention myth should I check next?","Which inventor do you think gets credit for someone else’s idea?"
"S45","Britain’s Red Flag Law for Early Road Vehicles","Odd laws & customs","1865–1896, Britain",60,122,"Early British vehicles needed a walker carrying a flag.","Early British vehicles needed a walker carrying a flag. In 1865, Britain passed a Locomotive Act for steam-powered vehicles on public roads. The speed limit was four miles an hour in the country and two miles an hour in towns. Each vehicle needed a crew, and one person had to walk in front, warning riders and horses, carrying a red flag. Lawmakers worried about frightened horses, damaged roads and noisy machines. Horses were still the main traffic. In 1878 the flag rule was relaxed. Early petrol cars arrived, still under strict rules. In 1896 a new law raised the limit to 14 miles an hour. Drivers celebrated with a run to Brighton. Which rule of today will look strange in 100 years?","UK Parliament: Locomotive Acts history · Britannica “automobile” (history section)","No common myth.","Open on someone walking in front of a vehicle with a flag.","Focus on the 1896 celebration run from London to Brighton.","Ask viewers which modern rule will look strange in 100 years.","Britain’s Red Flag Law for Early Road Vehicles","The 1865 law that put a walking flag-bearer ahead of road vehicles.","#history #oddlaws #cars","Walk ahead. Wave a flag.","Which odd law should I cover next?","Which rule of today will look strange in 100 years?"
"S46","The Great Stink That Gave London Its Sewers","Turning-point days","Summer 1858, London",60,129,"London smelled so bad in 1858, it built sewers.","London smelled so bad in 1858, it built sewers. For years, London’s sewage and waste flowed straight into the River Thames, the same river many drew water from. In the hot summer of 1858, the river’s smell became so strong people called it the Great Stink. Parliament sat right beside the river. Curtains were reportedly soaked in chemicals to block the smell. Lawmakers who had delayed for years suddenly moved quickly and approved a huge sewer plan within weeks. Engineer Joseph Bazalgette designed it: large brick tunnels that carried waste away from central London. The new system helped end the city’s cholera outbreaks, and parts of it are still in use today. A bad smell changed a city. What hidden system in your town do you never think about?","London Museum: the Great Stink · Britannica “Joseph Bazalgette”","No common myth.","Open on the curtains soaked in chemicals at Parliament.","Focus on John Snow’s 1854 cholera map that came before.","Ask viewers what hidden system in their city they never think about.","The Great Stink That Gave London Its Sewers","How one hot summer of river stench led to London’s sewer system.","#history #london #engineering","London smelled awful","Which city engineering story should I cover next?","What hidden system in your town do you never think about?"
"S47","The Penny Black and the Birth of the Stamp","Everyday life in the past","1840, Britain",60,119,"This tiny black stamp changed how letters got paid.","This tiny black stamp changed how letters got paid. Before 1840, British letters were usually paid for by the person receiving them, priced by distance and sheets. That made post expensive and slow to collect. Some people refused letters to avoid paying. A reformer named Rowland Hill proposed one cheap rate, paid in advance by the sender. In 1840, Britain introduced the uniform penny post. One penny sent a light letter anywhere in the country. On May 6, 1840, the Penny Black became valid, the world’s first adhesive postage stamp. Letter numbers rose sharply within a few years, and other countries soon introduced their own stamps. Today, billions of stamps later, when did you last send a paper letter?","The Postal Museum, London: the Penny Black · Britannica “Rowland Hill”","No common myth.","Open on a close-up of the Penny Black stamp.","Focus on how letters were paid for before 1840.","Ask viewers when they last posted a paper letter.","The Penny Black and the Birth of the Stamp","How a one-penny stamp changed how the world sends letters.","#history #stamps #everydayhistory","One penny, any distance","Which everyday invention should I trace next?","Today, billions of stamps later, when did you last send a paper letter?"
"S48","The Indus Script Still Can’t Be Read","Lost & unsolved","c. 2600–1900 BC, Indus Valley",60,117,"Thousands of these seals survive. Nobody can read them.","Thousands of these seals survive. Nobody can read them. The Indus civilization grew along rivers in today’s Pakistan and northwest India, about 4,500 years ago. Its cities, like Mohenjo-daro, had planned streets, brick houses and covered drains. They also left thousands of small carved seals, often with an animal and a short row of symbols. The inscriptions are very short, usually just a few signs. That gives code-breakers little to work with. There is no known bilingual text, like the Rosetta Stone, that pairs this script with a known one. Many decipherments have been proposed. None is widely accepted, and scholars even debate what language it records. Which lost script do you think will be cracked next?","Encyclopaedia Britannica: “Indus civilization” and “Indus script” entries · National Museum, New Delhi","No common myth.","Open on the famous unicorn seal.","Focus on the city of Mohenjo-daro and its drains.","Ask viewers which lost language they think will be cracked next.","The Indus Script Still Can’t Be Read","Why the writing of the Indus civilization remains undeciphered.","#history #unsolved #ancient","Still unreadable","Which undeciphered script should I cover next?","Which lost script do you think will be cracked next?"
"S49","The Antikythera Mechanism: An Ancient Gear Machine","Ancient world","c. 2nd–1st century BC · found 1901, Greece",60,118,"This corroded shipwreck lump is full of ancient gears.","This corroded shipwreck lump is full of ancient gears. In 1901, sponge divers recovered objects from an ancient wreck near the Greek island of Antikythera. Among statues and pottery were some lumps of corroded bronze. Months later someone noticed a gear wheel. Scans in modern times revealed dozens of interlocking gears and tiny inscriptions inside the fragments. It was likely made around the second or first century BC. Dates vary between studies. Turning a handle moved dials showing the Sun, the Moon and predicted eclipses. Nothing this complex is known again until the medieval astronomical clocks of Europe, many centuries later. Who built it, and exactly why, is still unknown. Which ancient object would you want to study?","National Archaeological Museum, Athens: the Antikythera Mechanism · Britannica “Antikythera mechanism”","No common myth.","Open on divers working the wreck in 1901.","Focus on the eclipse dial and how it predicted eclipses.","Ask viewers which ancient object they would study.","The Antikythera Mechanism: An Ancient Gear Machine","The ancient Greek gear device that modelled the sky.","#history #ancientgreece #science","Ancient gears","Which ancient object should I cover next?","Which ancient object would you want to study?"
"S50","The Lewis Chessmen Found on a Scottish Island","Medieval life","c. 1150–1200 · found 1831, Isle of Lewis",60,117,"Medieval chess pieces turned up on a Scottish island.","Medieval chess pieces turned up on a Scottish island. In 1831 a hoard of small carved figures was found on the Isle of Lewis, in Scotland’s Outer Hebrides. There were dozens of chess pieces: kings, queens, bishops, knights and warders, plus game pieces. Most are carved from walrus ivory, some from whale teeth. They date to around the late 1100s. Their style suggests they were probably made in Norway, perhaps in Trondheim, then carried west. How they ended up buried on Lewis is not known. A merchant’s stock is one idea. Some warders bite the tops of their shields, which makes them one of the most loved museum objects. Which piece would you put on your board?","The British Museum and National Museum of Scotland: the Lewis chessmen · Britannica “Lewis chessmen”","No common myth.","Open on the warder biting his shield.","Focus on walrus ivory and the trade routes it reveals.","Ask viewers which piece they would want on their board.","The Lewis Chessmen Found on a Scottish Island","The walrus-ivory chess pieces found on Lewis in 1831.","#history #medieval #chess","Medieval chess set","Which medieval object should I cover next?","Which piece would you put on your board?"
"S51","Shackleton’s Endurance: Every Crew Member Survived","Exploration & navigation","1914–1916, Antarctica",60,121,"Ice crushed their ship. Every crew member survived.","Ice crushed their ship. Every crew member survived. In 1914, the explorer Ernest Shackleton sailed south, aiming to cross the whole of Antarctica on foot. In early 1915 his ship, Endurance, was trapped in sea ice. Months later the ice crushed it and it sank. The 28 men camped on drifting ice, then took three small boats to tiny Elephant Island. Shackleton and five others sailed a small lifeboat about 800 miles to South Georgia to get help. Then they crossed the island’s mountains to reach a whaling station. Rescue took several attempts. In August 1916, a Chilean ship rescued all the men left on Elephant Island. All of them came home. What quality would you most want in a leader?","Scott Polar Research Institute, University of Cambridge · Royal Geographical Society: Endurance expedition","Popular version: Shackleton recruited his crew with a newspaper ad promising ‘safe return doubtful.’ Documented: No original copy of that advert has ever been found.","Open on the ship trapped in sea ice, using the expedition’s own photos.","Focus on the small boat voyage to South Georgia.","Ask viewers what quality they would want in a leader.","Shackleton’s Endurance: Every Crew Member Survived","How the Endurance crew all survived after losing their ship to ice.","#history #exploration #antarctica","Everyone came home","Which survival story should I cover next?","What quality would you most want in a leader?"
"S52","Marie Curie’s Two Nobel Prizes","Inventions & science history","1898–1911, Paris",60,118,"Marie Curie won Nobel Prizes in two different sciences.","Marie Curie won Nobel Prizes in two different sciences. She was born in Warsaw in 1867 and moved to Paris to study physics and mathematics. With her husband Pierre, she studied the strange rays given off by uranium and other minerals. In 1898 they announced two new elements: polonium, named after Poland, and radium. In 1903 she shared the Nobel Prize in Physics. She was the first woman to win one. In 1911 she won the Nobel Prize in Chemistry on her own, for her work on radium and polonium. Her notebooks are still radioactive today, and readers reportedly handle them with protective precautions. Her story is still taught worldwide. Which scientist do you think deserves more fame?","Musée Curie, Paris · The Nobel Prize: Marie Curie facts · Britannica “Marie Curie”","No common myth.","Open on her notebooks, still kept with safety precautions.","Focus on the discovery of polonium, named after Poland.","Ask viewers which scientist should be more famous.","Marie Curie’s Two Nobel Prizes","How Marie Curie won Nobel Prizes in two different sciences.","#history #science #mariecurie","Two sciences. Two prizes.","Which scientist should I cover next?","Which scientist do you think deserves more fame?"
"S53","Britain’s Hair Powder Tax","Odd laws & customs","1795–1869, Britain",60,119,"In 1795, Britain taxed people for powdering their hair.","In 1795, Britain taxed people for powdering their hair. Powdered wigs and hair were high fashion in the 1700s. The powder was usually made from starch or flour. Britain was at war with France, and the government needed money. Food prices were also rising. Prime Minister William Pitt introduced a duty: anyone using hair powder had to buy a yearly certificate. Some exceptions applied, for example to the royal family and some clergy, and certain servants were covered by employers. Many people simply stopped powdering. Fashion was already moving toward natural hair, and the tax sped it up. Few people still paid by the 1800s. The tax was finally repealed in 1869. Which fashion would you happily see taxed?","The National Archives (UK): hair powder duty records · Britannica “wig” (history section)","No common myth.","Open on a powdered wig in a period portrait.","Focus on the flour shortage that made the tax popular.","Ask viewers which fashion they would happily see taxed.","Britain’s Hair Powder Tax","The 1795 tax that helped end powdered hair in Britain.","#history #oddlaws #georgian","Pay to powder","Which odd tax should I cover next?","Which fashion would you happily see taxed?"
"S54","The Day Sputnik Started Beeping From Orbit","Turning-point days","October 4, 1957, Soviet Union",60,119,"In 1957, a metal ball started beeping from orbit.","In 1957, a metal ball started beeping from orbit. The Soviet Union launched Sputnik 1, the first human-made object to orbit Earth. It was a polished sphere about 58 centimetres wide, with four long antennas trailing behind. It circled Earth about once every 96 minutes, sending simple radio beeps that amateur listeners could pick up. People around the world tuned in. In the United States, the news caused real alarm. The next year, the US launched its first satellite and created NASA. The space race had begun. Sputnik’s batteries ran out after about three weeks. In early 1958 it fell back and burned up. It weighed about 84 kilograms. Which space first would you have wanted to watch live?","NASA History Office: Sputnik and the dawn of the space age · Britannica “Sputnik”","No common myth.","Open on the beep sound, then reveal what it was.","Focus on the US reaction and the founding of NASA in 1958.","Ask viewers which space first they would have watched live.","The Day Sputnik Started Beeping From Orbit","How a small beeping satellite launched the space age in 1957.","#history #space #sputnik","Beep. Beep. Beep.","Which space history day should I cover next?","Which space first would you have wanted to watch live?"
"S55","Before Railways, Every Town Kept Its Own Time","Everyday life in the past","1840s–1880, Britain",60,122,"Before railways, every British town kept its own time.","Before railways, every British town kept its own time. Towns set their clocks by the sun. Noon was when the sun was highest over that town. So a western town like Bristol ran about ten minutes behind London, every single day. That was fine for horses. But trains moved fast, and timetables with different local times caused confusion. In the 1840s, railway companies began using London time, also called railway time, across their networks. Some towns showed both times for years. A few clocks even had two minute hands. Bristol’s Corn Exchange clock still does. In 1880, a law made Greenwich Mean Time the legal time across Great Britain. How would you plan a trip if every town kept its own time?","Royal Museums Greenwich: Greenwich Mean Time and railway time · Britannica “standard time”","No common myth.","Open on a clock with two minute hands, one for local time.","Focus on the 1884 meeting that set Greenwich as the world’s prime meridian.","Ask viewers how they would plan a trip with different town times.","Before Railways, Every Town Kept Its Own Time","How railways pushed Britain to set every clock to one time.","#history #everydayhistory #railways","Every town had its own time","Which everyday system should I explain next?","How would you plan a trip if every town kept its own time?"
"S56","Whatever Happened to Rome’s Ninth Legion?","Lost & unsolved","c. AD 108–160s, Britain and beyond",60,118,"A whole Roman legion vanishes from the records.","A whole Roman legion vanishes from the records. The Ninth Legion, about five thousand soldiers, served in Roman Britain and helped found the fortress at York. An inscription in York, from around AD 108, is the last firm record of it in Britain. After that, it is missing from later lists of legions. So what happened to it? The popular story says it marched into Scotland and was destroyed. A famous 1954 novel spread that version. But no Roman source records that defeat. Some finds suggest parts of it later served near the Rhine. Historians still debate whether it was lost in a war in the east or disbanded. Which theory do you think fits the evidence best?","Encyclopaedia Britannica: “legion” entry · Yorkshire Museum, York: Ninth Legion inscription","Popular version: The Ninth Legion was wiped out in Scotland around AD 117. Documented: There is no record of such a defeat; later traces suggest it served elsewhere. Its end is unknown.","Open on the stone inscription found in York.","Focus on the 1954 novel that made the disappearance story famous.","Ask viewers which theory the evidence supports best.","Whatever Happened to Rome’s Ninth Legion?","What the evidence says about Rome’s missing Ninth Legion.","#history #ancientrome #unsolved","A legion vanishes","Which Roman mystery should I cover next?","Which theory do you think fits the evidence best?"
"S57","Hannibal Took War Elephants Over the Alps","Ancient world","218 BC, the Alps",60,119,"In 218 BC, elephants marched over the Alps.","In 218 BC, elephants marched over the Alps. Hannibal was a general from Carthage, in North Africa, at war with Rome. Instead of attacking by sea, he marched from Spain, across southern Gaul and over the mountains. He brought war elephants, reportedly about 37 of them, along with tens of thousands of soldiers. The crossing happened in autumn, with snow, narrow paths and steep drops. Many men and animals were lost. Ancient writers describe the march, but nobody agrees which pass he used. Several are proposed. He reached Italy and won major battles there, but Rome won the war in the end. It remains one of history’s most famous marches. Which ancient journey do you think was the hardest?","Encyclopaedia Britannica: “Hannibal” and “Second Punic War” entries","No common myth.","Open on a snowy mountain pass and the sound of an elephant.","Focus on the debate about which pass he used.","Ask viewers which ancient journey they think was hardest.","Hannibal Took War Elephants Over the Alps","How Hannibal crossed the Alps with elephants to reach Italy.","#history #ancient #hannibal","Elephants in the Alps","Which ancient journey should I cover next?","Which ancient journey do you think was the hardest?"
"S58","Magna Carta Was Cancelled Within Weeks","Medieval life","June 1215, Runnymede, England",60,116,"Magna Carta failed within weeks. It became famous anyway.","Magna Carta failed within weeks. It became famous anyway. In June 1215, rebel barons forced King John to agree to a charter at Runnymede, near London. It promised that the king would follow the law, and limited unfair taxes and seizures. The popular version says it gave rights to everyone. In fact it mostly protected barons and free men. John asked the Pope to cancel it. Within about ten weeks it was annulled, and war followed. After John died, it was reissued several times, and later versions entered English law. Only a few of its clauses are still law in England today, but its ideas spread far. Which old document do you think still matters most?","The British Library: Magna Carta · The National Archives (UK): Magna Carta","Popular version: Magna Carta gave rights to all English people in 1215. Documented: It mainly protected barons and free men; it was annulled within weeks and reissued later.","Open on the meadow at Runnymede beside the Thames.","Focus on clause 39 and why it is still quoted.","Ask viewers which old document they think still matters most.","Magna Carta Was Cancelled Within Weeks","The 1215 charter that failed at first, then became famous.","#history #medieval #magnacarta","It failed. Then it lasted.","Which famous document should I cover next?","Which old document do you think still matters most?"
"S59","When Maps Showed California as an Island","Exploration & navigation","c. 1620–1750, Europe",60,122,"For a century, maps showed California as an island.","For a century, maps showed California as an island. Early Spanish explorers had mapped it correctly in the 1500s, as a long peninsula. Then in the early 1600s, island maps appeared. One possible source was a misread or exaggerated expedition report. Mapmakers in Europe copied each other. Once one famous map showed an island, many more followed. Few people in Europe could check. Most mapmakers never travelled to the places they drew. Overland trips by missionaries around 1700 showed that California was joined to the mainland. Even so, island maps kept appearing for decades, until a Spanish decree in 1747 declared California not an island. Old maps can be wrong for a long time. Which old map mistake do you find funniest?","Library of Congress: Geography and Map Division · Stanford University Libraries: California as an Island collection","No common myth.","Open on an old map where California floats off the coast.","Focus on the expedition that showed it was connected to land.","Ask viewers which old map error they find funniest.","When Maps Showed California as an Island","Why European maps showed California as an island for over a century.","#history #maps #exploration","California, the island","Which old map mistake should I cover next?","Which old map mistake do you find funniest?"
"S60","Canned Food Came Before the Can Opener","Inventions & science history","1795–1850s, France and Britain",60,116,"Canned food existed for decades before the can opener.","Canned food existed for decades before the can opener. In the 1790s, France needed a better way to feed its army and navy on long campaigns. A confectioner named Nicolas Appert sealed cooked food in glass jars and heated them. The food kept for months. Nobody yet knew why it worked. Germs weren’t understood until Louis Pasteur’s work decades later. In 1810, a British patent covered sealing food in tin-plated iron cans, which were tougher than glass. Early cans were thick and heavy. Users reportedly opened them with tools like hammers and chisels. Dedicated can openers only appeared around the 1850s, once cans became thinner. Which other invention do you think came in the wrong order?","Encyclopaedia Britannica: “Nicolas Appert” and “canning” entries · Science Museum, London","No common myth.","Open on an old instruction to open cans with a hammer.","Focus on Appert’s glass jars before the tin can.","Ask viewers which invention came in the wrong order.","Canned Food Came Before the Can Opener","Why the tin can arrived decades before anyone could open it easily.","#history #inventions #food","No can opener","Which invention came in the wrong order?","Which other invention do you think came in the wrong order?"
